{
    "name": "root",
    "metadata": {
        "timer_format_version": "0.1.0",
        "start_time_seconds": "1699777801",
        "python_version": "3.7.9 (default, Aug 31 2020, 17:10:11) [MSC v.1916 64 bit (AMD64)]",
        "command_line_arguments": "C:\\Users\\2001a\\miniconda3\\envs\\ml_agents\\Scripts\\mlagents-learn config.yaml --run-id=NemFolytonos",
        "mlagents_version": "0.28.0",
        "mlagents_envs_version": "0.28.0",
        "communication_protocol_version": "1.5.0",
        "pytorch_version": "1.7.1+cu110",
        "numpy_version": "1.21.2",
        "end_time_seconds": "1699777913"
    },
    "total": 112.1284378,
    "count": 1,
    "self": 0.07775750000000414,
    "children": {
        "run_training.setup": {
            "total": 0.10685000000000011,
            "count": 1,
            "self": 0.10685000000000011
        },
        "TrainerController.start_learning": {
            "total": 111.9438303,
            "count": 1,
            "self": 0.15755669999994382,
            "children": {
                "TrainerController._reset_env": {
                    "total": 7.8472539,
                    "count": 1,
                    "self": 7.8472539
                },
                "TrainerController.advance": {
                    "total": 103.80918950000006,
                    "count": 6367,
                    "self": 0.07328860000015425,
                    "children": {
                        "env_step": {
                            "total": 103.7359008999999,
                            "count": 6367,
                            "self": 94.67916790000011,
                            "children": {
                                "SubprocessEnvManager._take_step": {
                                    "total": 8.982783499999739,
                                    "count": 6367,
                                    "self": 0.3386994999997537,
                                    "children": {
                                        "TorchPolicy.evaluate": {
                                            "total": 8.644083999999985,
                                            "count": 6367,
                                            "self": 1.9063807000000175,
                                            "children": {
                                                "TorchPolicy.sample_actions": {
                                                    "total": 6.737703299999968,
                                                    "count": 6367,
                                                    "self": 6.737703299999968
                                                }
                                            }
                                        }
                                    }
                                },
                                "workers": {
                                    "total": 0.07394950000005451,
                                    "count": 6366,
                                    "self": 0.0,
                                    "children": {
                                        "worker_root": {
                                            "total": 43.281829300000354,
                                            "count": 6366,
                                            "is_parallel": true,
                                            "self": 16.87574650000018,
                                            "children": {
                                                "steps_from_proto": {
                                                    "total": 0.00043039999999994194,
                                                    "count": 1,
                                                    "is_parallel": true,
                                                    "self": 0.00020039999999976743,
                                                    "children": {
                                                        "_process_rank_one_or_two_observation": {
                                                            "total": 0.0002300000000001745,
                                                            "count": 8,
                                                            "is_parallel": true,
                                                            "self": 0.0002300000000001745
                                                        }
                                                    }
                                                },
                                                "UnityEnvironment.step": {
                                                    "total": 26.405652400000175,
                                                    "count": 6366,
                                                    "is_parallel": true,
                                                    "self": 0.6794230000002841,
                                                    "children": {
                                                        "UnityEnvironment._generate_step_input": {
                                                            "total": 0.6188737000001581,
                                                            "count": 6366,
                                                            "is_parallel": true,
                                                            "self": 0.6188737000001581
                                                        },
                                                        "communicator.exchange": {
                                                            "total": 22.310790800000177,
                                                            "count": 6366,
                                                            "is_parallel": true,
                                                            "self": 22.310790800000177
                                                        },
                                                        "steps_from_proto": {
                                                            "total": 2.796564899999555,
                                                            "count": 6366,
                                                            "is_parallel": true,
                                                            "self": 1.3451533999993073,
                                                            "children": {
                                                                "_process_rank_one_or_two_observation": {
                                                                    "total": 1.4514115000002477,
                                                                    "count": 50928,
                                                                    "is_parallel": true,
                                                                    "self": 1.4514115000002477
                                                                }
                                                            }
                                                        }
                                                    }
                                                }
                                            }
                                        }
                                    }
                                }
                            }
                        }
                    }
                },
                "TrainerController._save_models": {
                    "total": 0.12983020000000067,
                    "count": 1,
                    "self": 0.01277849999999603,
                    "children": {
                        "RLTrainer._checkpoint": {
                            "total": 0.11705170000000464,
                            "count": 1,