{
    "name": "root",
    "gauges": {
        "DroneBehavior.Policy.Entropy.mean": {
            "value": 1.4287747144699097,
            "min": 1.4165809154510498,
            "max": 1.4287747144699097,
            "count": 212
        },
        "DroneBehavior.Policy.Entropy.sum": {
            "value": 497.2135925292969,
            "min": 8.513630867004395,
            "max": 2179.489501953125,
            "count": 212
        },
        "DroneBehavior.Environment.EpisodeLength.mean": {
            "value": 999.0,
            "min": 0.0,
            "max": 4245.0,
            "count": 95
        },
        "DroneBehavior.Environment.EpisodeLength.sum": {
            "value": 999.0,
            "min": 0.0,
            "max": 5998.0,
            "count": 95
        },
        "DroneBehavior.Step.mean": {
            "value": 105905.0,
            "min": 309.0,
            "max": 105905.0,
            "count": 212
        },
        "DroneBehavior.Step.sum": {
            "value": 105905.0,
            "min": 309.0,
            "max": 105905.0,
            "count": 212
        },
        "DroneBehavior.Policy.ExtrinsicValueEstimate.mean": {
            "value": -0.23497384786605835,
            "min": -2.3307602405548096,
            "max": 8.703548431396484,
            "count": 212
        },
        "DroneBehavior.Policy.ExtrinsicValueEstimate.sum": {
            "value": -0.4699476957321167,
            "min": -6.992280960083008,
            "max": 18.8273983001709,
            "count": 212
        },
        "DroneBehavior.Environment.CumulativeReward.mean": {
            "value": 61.50000183284283,
            "min": -0.7899999944493175,
            "max": 703.9000744633377,
            "count": 107
        },
        "DroneBehavior.Environment.CumulativeReward.sum": {
            "value": 61.50000183284283,
            "min": -2.2399999853223562,
            "max": 1220.8001107797027,
            "count": 107
        },
        "DroneBehavior.Policy.ExtrinsicReward.mean": {
            "value": 61.50000183284283,
            "min": -0.7899999944493175,
            "max": 703.9000744633377,
            "count": 107
        },
        "DroneBehavior.Policy.ExtrinsicReward.sum": {
            "value": 61.50000183284283,
            "min": -2.2399999853223562,
            "max": 1220.8001107797027,
            "count": 107
        },
        "DroneBehavior.IsTraining.mean": {
            "value": 1.0,
            "min": 1.0,
            "max": 1.0,
            "count": 212
        },
        "DroneBehavior.IsTraining.sum": {
            "value": 1.0,
            "min": 1.0,
            "max": 1.0,
            "count": 212
        },
        "DroneBehavior.Losses.PolicyLoss.mean": {
            "value": 0.03668656866756027,
            "min": 0.03039328155487224,
            "max": 0.04393836626507066,
            "count": 20
        },
        "DroneBehavior.Losses.PolicyLoss.sum": {
            "value": 0.03668656866756027,
            "min": 0.03039328155487224,
            "max": 0.04393836626507066,
            "count": 20
        },
        "DroneBehavior.Losses.ValueLoss.mean": {
            "value": 2.647399142936424,
            "min": 0.3676342621997551,
            "max": 16.952134203027796,
            "count": 20
        },
        "DroneBehavior.Losses.ValueLoss.sum": {
            "value": 2.647399142936424,
            "min": 0.3676342621997551,
            "max": 16.952134203027796,
            "count": 20
        },
        "DroneBehavior.Policy.LearningRate.mean": {
            "value": 0.0002695053101648999,
            "min": 0.0002695053101648999,
            "max": 0.00029847240050919995,
            "count": 20
        },
        "DroneBehavior.Policy.LearningRate.sum": {
            "value": 0.0002695053101648999,
            "min": 0.0002695053101648999,
            "max": 0.00029847240050919995,
            "count": 20
        },
        "DroneBehavior.Policy.Epsilon.mean": {
            "value": 0.18983509999999998,
            "min": 0.18983509999999998,
            "max": 0.19949080000000008,
            "count": 20
        },
        "DroneBehavior.Policy.Epsilon.sum": {
            "value": 0.18983509999999998,
            "min": 0.18983509999999998,
            "max": 0.19949080000000008,
            "count": 20
        },
        "DroneBehavior.Policy.Beta.mean": {
            "value": 0.004492771490000001,
            "min": 0.004492771490000001,
            "max": 0.004974590919999999,
            "count": 20
        },
        "DroneBehavior.Policy.Beta.sum": {
            "value": 0.004492771490000001,
            "min": 0.004492771490000001,
            "max": 0.004974590919999999,
            "count": 20
        }
    },
    "metadata": {
        "timer_format_version": "0.1.0",
        "start_time_seconds": "1701255558",
        "python_version": "3.7.9 (default, Aug 31 2020, 17:10:11) [MSC v.1916 64 bit (AMD64)]",
        "command_line_arguments": "C:\\Users\\2001a\\miniconda3\\envs\\ml_agents\\Scripts\\mlagents-learn config.yaml --run-id=Test2",
        "mlagents_version": "0.28.0",
        "mlagents_envs_version": "0.28.0",
        "communication_protocol_version": "1.5.0",
        "pytorch_version": "1.7.1+cu110",
        "numpy_version": "1.21.2",
        "end_time_seconds": "1701255726"
    },
    "total": 167.8032355,
    "count": 1,
    "self": 0.006965100000002167,
    "children": {
        "run_training.setup": {
            "total": 0.10993169999999997,
            "count": 1,
            "self": 0.10993169999999997
        },
        "TrainerController.start_learning": {
            "total": 167.6863387,
            "count": 1,
            "self": 0.47251179999929604,
            "children": {
                "TrainerController._reset_env": {
                    "total": 30.209254100000003,
                    "count": 1,
                    "self": 30.209254100000003
                },
                "TrainerController.advance": {
                    "total": 136.90701540000072,
                    "count": 17834,
                    "self": 0.2423354000002007,
                    "children": {
                        "env_step": {
                            "total": 136.66468000000052,
                            "count": 17834,
                            "self": 103.79174510000124,
                            "children": {
                                "SubprocessEnvManager._take_step": {
                                    "total": 32.62647989999994,
                                    "count": 17834,
                                    "self": 1.2414092999994466,
                                    "children": {
                                        "TorchPolicy.evaluate": {
                                            "total": 31.385070600000496,
                                            "count": 17834,
                                            "self": 4.36107680000114,
                                            "children": {
                                                "TorchPolicy.sample_actions": {
                                                    "total": 27.023993799999356,
                                                    "count": 17834,
                                                    "self": 27.023993799999356
                                                }
                                            }
                                        }
                                    }
                                },
                                "workers": {
                                    "total": 0.24645499999933662,
                                    "count": 17833,
                                    "self": 0.0,