{
    "name": "root",
    "metadata": {
        "timer_format_version": "0.1.0",
        "start_time_seconds": "1701284521",
        "python_version": "3.7.9 (default, Aug 31 2020, 17:10:11) [MSC v.1916 64 bit (AMD64)]",
        "command_line_arguments": "C:\\Users\\2001a\\miniconda3\\envs\\ml_agents\\Scripts\\mlagents-learn config.yaml --run-id=Test2",
        "mlagents_version": "0.28.0",
        "mlagents_envs_version": "0.28.0",
        "communication_protocol_version": "1.5.0",
        "pytorch_version": "1.7.1+cu110",
        "numpy_version": "1.21.2",
        "end_time_seconds": "1701284590"
    },
    "total": 68.5069306,
    "count": 1,
    "self": 0.007289100000008375,
    "children": {
        "run_training.setup": {
            "total": 0.11614049999999998,
            "count": 1,
            "self": 0.11614049999999998
        },
        "TrainerController.start_learning": {
            "total": 68.383501,
            "count": 1,
            "self": 0.0010595999999907235,
            "children": {
                "TrainerController._reset_env": {
                    "total": 6.0719544999999995,
                    "count": 1,
                    "self": 6.0719544999999995
                },
                "TrainerController.advance": {
                    "total": 62.1948665,
                    "count": 17,
                    "self": 0.00031740000000723967,
                    "children": {
                        "env_step": {
                            "total": 62.194549099999996,
                            "count": 17,
                            "self": 62.16885849999999,
                            "children": {
                                "SubprocessEnvManager._take_step": {
                                    "total": 0.025478000000000556,
                                    "count": 17,
                                    "self": 0.0015002999999991218,
                                    "children": {
                                        "TorchPolicy.evaluate": {
                                            "total": 0.023977700000001434,
                                            "count": 17,
                                            "self": 0.004218800000002965,
                                            "children": {
                                                "TorchPolicy.sample_actions": {
                                                    "total": 0.01975889999999847,
                                                    "count": 17,
                                                    "self": 0.01975889999999847
                                                }
                                            }
                                        }
                                    }
                                },
                                "workers": {
                                    "total": 0.00021260000000111745,
                                    "count": 16,
                                    "self": 0.0,
                                    "children": {
                                        "worker_root": {
                                            "total": 0.21206440000000093,
                                            "count": 16,
                                            "is_parallel": true,
                                            "self": 0.06797940000000313,
                                            "children": {
                                                "steps_from_proto": {
                                                    "total": 0.00071840000000023,
                                                    "count": 1,
                                                    "is_parallel": true,
                                                    "self": 0.00016650000000062448,
                                                    "children": {
                                                        "_process_rank_one_or_two_observation": {
                                                            "total": 0.0005518999999996055,
                                                            "count": 8,
                                                            "is_parallel": true,
                                                            "self": 0.0005518999999996055
                                                        }
                                                    }
                                                },
                                                "UnityEnvironment.step": {
                                                    "total": 0.14336659999999757,
                                                    "count": 16,
                                                    "is_parallel": true,
                                                    "self": 0.003799599999999792,
                                                    "children": {
                                                        "UnityEnvironment._generate_step_input": {
                                                            "total": 0.003202700000000114,
                                                            "count": 16,
                                                            "is_parallel": true,
                                                            "self": 0.003202700000000114
                                                        },
                                                        "communicator.exchange": {
                                                            "total": 0.1248435999999975,
                                                            "count": 16,
                                                            "is_parallel": true,
                                                            "self": 0.1248435999999975
                                                        },
                                                        "steps_from_proto": {
                                                            "total": 0.011520700000000161,
                                                            "count": 16,
                                                            "is_parallel": true,
                                                            "self": 0.0030428000000011224,
                                                            "children": {
                                                                "_process_rank_one_or_two_observation": {
                                                                    "total": 0.008477899999999039,
                                                                    "count": 128,
                                                                    "is_parallel": true,
                                                                    "self": 0.008477899999999039
                                                                }
                                                            }
                                                        }
                                                    }
                                                }
                                            }
                                        }
                                    }
                                }
                            }
                        }
                    }
                },
                "TrainerController._save_models": {
                    "total": 0.1156203999999974,
                    "count": 1,
                    "self": 0.010900599999999372,
                    "children": {
                        "RLTrainer._checkpoint": {
                            "total": 0.10471979999999803,
                            "count": 1,