{
    "name": "root",
    "metadata": {
        "timer_format_version": "0.1.0",
        "start_time_seconds": "1698596068",
        "python_version": "3.7.9 (default, Aug 31 2020, 17:10:11) [MSC v.1916 64 bit (AMD64)]",
        "command_line_arguments": "C:\\Users\\2001a\\miniconda3\\envs\\ml_agents\\Scripts\\mlagents-learn config.yaml --run-id=ASD123",
        "mlagents_version": "0.28.0",
        "mlagents_envs_version": "0.28.0",
        "communication_protocol_version": "1.5.0",
        "pytorch_version": "1.7.1+cu110",
        "numpy_version": "1.21.2",
        "end_time_seconds": "1698596145"
    },
    "total": 77.2719665,
    "count": 1,
    "self": 0.007049899999998388,
    "children": {
        "run_training.setup": {
            "total": 0.10113590000000006,
            "count": 1,
            "self": 0.10113590000000006
        },
        "TrainerController.start_learning": {
            "total": 77.1637807,
            "count": 1,
            "self": 0.015845499999983303,
            "children": {
                "TrainerController._reset_env": {
                    "total": 9.1873482,
                    "count": 1,
                    "self": 9.1873482
                },
                "TrainerController.advance": {
                    "total": 67.7240955,
                    "count": 1,
                    "self": 2.290000000471082e-05,
                    "children": {
                        "env_step": {
                            "total": 67.7240726,
                            "count": 1,
                            "self": 67.72405810000001,
                            "children": {
                                "SubprocessEnvManager._take_step": {
                                    "total": 1.4499999998918156e-05,
                                    "count": 1,
                                    "self": 1.4499999998918156e-05
                                }
                            }
                        }
                    }
                },
                "trainer_threads": {
                    "total": 2.0700000007423114e-05,
                    "count": 1,
                    "self": 2.0700000007423114e-05,
                    "children": {
                        "thread_root": {
                            "total": 0.0,
                            "count": 0,
                            "is_parallel": true,
                            "self": 0.0,
                            "children": {
                                "trainer_advance": {
                                    "total": 67.62820780000028,
                                    "count": 4369,
                                    "is_parallel": true,
                                    "self": 0.2780498000003604,
                                    "children": {
                                        "process_trajectory": {
                                            "total": 67.35015799999992,
                                            "count": 4369,
                                            "is_parallel": true,
                                            "self": 67.35015799999992
                                        }
                                    }
                                }
                            }
                        }
                    }
                },
                "TrainerController._save_models": {
                    "total": 0.23647080000000642,
                    "count": 1,
                    "self": 0.012136400000017034,
                    "children": {
                        "RLTrainer._checkpoint": {
                            "total": 0.2243343999999894,
                            "count": 1,
                            "self": 0.2243343999999894
                        }
                    }
                }
            }
        }
    }
}