{
    "name": "root",
    "gauges": {
        "DroneBehavior.Policy.Entropy.mean": {
            "value": 1.4226382970809937,
            "min": 1.418938398361206,
            "max": 1.4235557317733765,
            "count": 21
        },
        "DroneBehavior.Policy.Entropy.sum": {
            "value": 8715.08203125,
            "min": 8376.8447265625,
            "max": 20049.015625,
            "count": 21
        },
        "DroneBehavior.Step.mean": {
            "value": 209790.0,
            "min": 9984.0,
            "max": 209790.0,
            "count": 21
        },
        "DroneBehavior.Step.sum": {
            "value": 209790.0,
            "min": 9984.0,
            "max": 209790.0,
            "count": 21
        },
        "DroneBehavior.Policy.ExtrinsicValueEstimate.mean": {
            "value": -0.008913548663258553,
            "min": -0.018502026796340942,
            "max": 0.0881059467792511,
            "count": 21
        },
        "DroneBehavior.Policy.ExtrinsicValueEstimate.sum": {
            "value": -0.3476284146308899,
            "min": -0.7955871224403381,
            "max": 3.4361319541931152,
            "count": 21
        },
        "DroneBehavior.IsTraining.mean": {
            "value": 1.0,
            "min": 1.0,
            "max": 1.0,
            "count": 21
        },
        "DroneBehavior.IsTraining.sum": {
            "value": 1.0,
            "min": 1.0,
            "max": 1.0,
            "count": 21
        },
        "DroneBehavior.Losses.PolicyLoss.mean": {
            "value": 0.024044278906634037,
            "min": 0.022755254971343675,
            "max": 0.026885121483549785,
            "count": 6
        },
        "DroneBehavior.Losses.PolicyLoss.sum": {
            "value": 0.024044278906634037,
            "min": 0.022755254971343675,
            "max": 0.026885121483549785,
            "count": 6
        },
        "DroneBehavior.Losses.ValueLoss.mean": {
            "value": 1.5258013212597158e-05,
            "min": 9.849615798529499e-06,
            "max": 0.002521645668518128,
            "count": 6
        },
        "DroneBehavior.Losses.ValueLoss.sum": {
            "value": 1.5258013212597158e-05,
            "min": 9.849615798529499e-06,
            "max": 0.002521645668518128,
            "count": 6
        },
        "DroneBehavior.Policy.LearningRate.mean": {
            "value": 8.01474198526e-05,
            "min": 8.01474198526e-05,
            "max": 9.662080337920002e-05,
            "count": 6
        },
        "DroneBehavior.Policy.LearningRate.sum": {
            "value": 8.01474198526e-05,
            "min": 8.01474198526e-05,
            "max": 9.662080337920002e-05,
            "count": 6
        },
        "DroneBehavior.Policy.Epsilon.mean": {
            "value": 0.18014740000000004,
            "min": 0.18014740000000004,
            "max": 0.19662080000000004,
            "count": 6
        },
        "DroneBehavior.Policy.Epsilon.sum": {
            "value": 0.18014740000000004,
            "min": 0.18014740000000004,
            "max": 0.19662080000000004,
            "count": 6
        },
        "DroneBehavior.Policy.Beta.mean": {
            "value": 0.00400935526,
            "min": 0.00400935526,
            "max": 0.004831377919999999,
            "count": 6
        },
        "DroneBehavior.Policy.Beta.sum": {
            "value": 0.00400935526,
            "min": 0.00400935526,
            "max": 0.004831377919999999,
            "count": 6
        },
        "DroneBehavior.Environment.EpisodeLength.mean": {
            "value": 7499.0,
            "min": 7404.833333333333,
            "max": 7499.0,
            "count": 4
        },
        "DroneBehavior.Environment.EpisodeLength.sum": {
            "value": 44994.0,
            "min": 44429.0,
            "max": 44994.0,
            "count": 4
        },
        "DroneBehavior.Environment.CumulativeReward.mean": {
            "value": -7.500000365078449,
            "min": -7.500000365078449,
            "max": -5.666667220493157,
            "count": 4
        },
        "DroneBehavior.Environment.CumulativeReward.sum": {
            "value": -45.000002190470695,
            "min": -45.000002190470695,
            "max": -34.000003322958946,
            "count": 4
        },
        "DroneBehavior.Policy.ExtrinsicReward.mean": {
            "value": -7.500000365078449,
            "min": -7.500000365078449,
            "max": -5.666667220493157,
            "count": 4
        },
        "DroneBehavior.Policy.ExtrinsicReward.sum": {
            "value": -45.000002190470695,
            "min": -45.000002190470695,
            "max": -34.000003322958946,
            "count": 4
        }
    },
    "metadata": {
        "timer_format_version": "0.1.0",
        "start_time_seconds": "1701301824",
        "python_version": "3.7.9 (default, Aug 31 2020, 17:10:11) [MSC v.1916 64 bit (AMD64)]",
        "command_line_arguments": "C:\\Users\\2001a\\miniconda3\\envs\\ml_agents\\Scripts\\mlagents-learn config.yaml --run-id=yolo",
        "mlagents_version": "0.28.0",
        "mlagents_envs_version": "0.28.0",
        "communication_protocol_version": "1.5.0",
        "pytorch_version": "1.7.1+cu110",
        "numpy_version": "1.21.2",
        "end_time_seconds": "1701302231"
    },
    "total": 406.9788484,
    "count": 1,
    "self": 0.006137300000034429,
    "children": {
        "run_training.setup": {
            "total": 0.09514769999999984,
            "count": 1,
            "self": 0.09514769999999984
        },
        "TrainerController.start_learning": {
            "total": 406.8775634,
            "count": 1,
            "self": 0.9032894999991186,
            "children": {
                "TrainerController._reset_env": {
                    "total": 12.3774568,
                    "count": 1,
                    "self": 12.3774568
                },
                "TrainerController.advance": {
                    "total": 393.4851186000008,
                    "count": 35307,
                    "self": 0.4686701000001676,
                    "children": {
                        "env_step": {
                            "total": 393.01644850000065,
                            "count": 35307,
                            "self": 304.4273414000088,
                            "children": {
                                "SubprocessEnvManager._take_step": {
                                    "total": 88.08769279999188,
                                    "count": 35307,
                                    "self": 2.459869899990281,
                                    "children": {
                                        "TorchPolicy.evaluate": {
                                            "total": 85.6278229000016,
                                            "count": 35307,
                                            "self": 10.906158200003162,
                                            "children": {
                                                "TorchPolicy.sample_actions": {
                                                    "total": 74.72166469999844,
                                                    "count": 35307,
                                                    "self": 74.72166469999844
                                                }
                                            }
                                        }
                                    }
                                },
                                "workers": {
                                    "total": 0.5014142999999507,
                                    "count": 35306,
                                    "self": 0.0,