{
    "name": "root",
    "gauges": {
        "DroneBehavior.Policy.Entropy.mean": {
            "value": 1.4229463338851929,
            "min": 1.4176589250564575,
            "max": 1.4237043857574463,
            "count": 61
        },
        "DroneBehavior.Policy.Entropy.sum": {
            "value": 2014.89208984375,
            "min": 952.1455078125,
            "max": 2183.746337890625,
            "count": 61
        },
        "DroneBehavior.Step.mean": {
            "value": 60981.0,
            "min": 768.0,
            "max": 60981.0,
            "count": 61
        },
        "DroneBehavior.Step.sum": {
            "value": 60981.0,
            "min": 768.0,
            "max": 60981.0,
            "count": 61
        },
        "DroneBehavior.Policy.ExtrinsicValueEstimate.mean": {
            "value": -0.035128481686115265,
            "min": -0.7461304664611816,
            "max": 0.3112529218196869,
            "count": 61
        },
        "DroneBehavior.Policy.ExtrinsicValueEstimate.sum": {
            "value": -0.5269272327423096,
            "min": -5.969043731689453,
            "max": 3.735034942626953,
            "count": 61
        },
        "DroneBehavior.IsTraining.mean": {
            "value": 1.0,
            "min": 1.0,
            "max": 1.0,
            "count": 61
        },
        "DroneBehavior.IsTraining.sum": {
            "value": 1.0,
            "min": 1.0,
            "max": 1.0,
            "count": 61
        },
        "DroneBehavior.Environment.EpisodeLength.mean": {
            "value": 44.523809523809526,
            "min": 40.285714285714285,
            "max": 2660.0,
            "count": 42
        },
        "DroneBehavior.Environment.EpisodeLength.sum": {
            "value": 935.0,
            "min": 240.0,
            "max": 10413.0,
            "count": 42
        },
        "DroneBehavior.Environment.CumulativeReward.mean": {
            "value": 0.03561538708611177,
            "min": -1.6599999889731407,
            "max": 0.17300001273934656,
            "count": 42
        },
        "DroneBehavior.Environment.CumulativeReward.sum": {
            "value": 0.46300003211945295,
            "min": -7.379000198096037,
            "max": 2.2490001656115055,
            "count": 42
        },
        "DroneBehavior.Policy.ExtrinsicReward.mean": {
            "value": 0.03561538708611177,
            "min": -1.6599999889731407,
            "max": 0.17300001273934656,
            "count": 42
        },
        "DroneBehavior.Policy.ExtrinsicReward.sum": {
            "value": 0.46300003211945295,
            "min": -7.379000198096037,
            "max": 2.2490001656115055,
            "count": 42
        },
        "DroneBehavior.Losses.PolicyLoss.mean": {
            "value": 0.022753597817090514,
            "min": 0.017814476114937052,
            "max": 0.02709566315429078,
            "count": 6
        },
        "DroneBehavior.Losses.PolicyLoss.sum": {
            "value": 0.022753597817090514,
            "min": 0.017814476114937052,
            "max": 0.02709566315429078,
            "count": 6
        },
        "DroneBehavior.Losses.ValueLoss.mean": {
            "value": 0.00024001942438189872,
            "min": 0.00024001942438189872,
            "max": 0.005638248241868698,
            "count": 6
        },
        "DroneBehavior.Losses.ValueLoss.sum": {
            "value": 0.00024001942438189872,
            "min": 0.00024001942438189872,
            "max": 0.005638248241868698,
            "count": 6
        },
        "DroneBehavior.Policy.LearningRate.mean": {
            "value": 0.0002818131060623,
            "min": 0.0002818131060623,
            "max": 0.0002969787010071,
            "count": 6
        },
        "DroneBehavior.Policy.LearningRate.sum": {
            "value": 0.0002818131060623,
            "min": 0.0002818131060623,
            "max": 0.0002969787010071,
            "count": 6
        },
        "DroneBehavior.Policy.Epsilon.mean": {
            "value": 0.19393770000000005,
            "min": 0.19393770000000005,
            "max": 0.19899290000000003,
            "count": 6
        },
        "DroneBehavior.Policy.Epsilon.sum": {
            "value": 0.19393770000000005,
            "min": 0.19393770000000005,
            "max": 0.19899290000000003,
            "count": 6
        },
        "DroneBehavior.Policy.Beta.mean": {
            "value": 0.00469749123,
            "min": 0.00469749123,
            "max": 0.004949745710000001,
            "count": 6
        },
        "DroneBehavior.Policy.Beta.sum": {
            "value": 0.00469749123,
            "min": 0.00469749123,
            "max": 0.004949745710000001,
            "count": 6
        }
    },
    "metadata": {
        "timer_format_version": "0.1.0",
        "start_time_seconds": "1701287072",
        "python_version": "3.7.9 (default, Aug 31 2020, 17:10:11) [MSC v.1916 64 bit (AMD64)]",
        "command_line_arguments": "C:\\Users\\2001a\\miniconda3\\envs\\ml_agents\\Scripts\\mlagents-learn config.yaml --run-id=yolo",
        "mlagents_version": "0.28.0",
        "mlagents_envs_version": "0.28.0",
        "communication_protocol_version": "1.5.0",
        "pytorch_version": "1.7.1+cu110",
        "numpy_version": "1.21.2",
        "end_time_seconds": "1701287279"
    },
    "total": 207.12796079999998,
    "count": 1,
    "self": 0.006230799999997316,
    "children": {
        "run_training.setup": {
            "total": 0.10085889999999997,
            "count": 1,
            "self": 0.10085889999999997
        },
        "TrainerController.start_learning": {
            "total": 207.0208711,
            "count": 1,
            "self": 0.5607748999991315,
            "children": {
                "TrainerController._reset_env": {
                    "total": 9.015798,
                    "count": 1,
                    "self": 9.015798
                },
                "TrainerController.advance": {
                    "total": 197.2654510000009,
                    "count": 20634,
                    "self": 0.2759596000010731,
                    "children": {
                        "env_step": {
                            "total": 196.98949139999982,
                            "count": 20634,
                            "self": 158.11070399999937,
                            "children": {
                                "SubprocessEnvManager._take_step": {
                                    "total": 38.589863800000046,
                                    "count": 20634,
                                    "self": 1.4106009999990192,
                                    "children": {
                                        "TorchPolicy.evaluate": {
                                            "total": 37.17926280000103,
                                            "count": 20634,
                                            "self": 4.323064400000746,
                                            "children": {
                                                "TorchPolicy.sample_actions": {
                                                    "total": 32.85619840000028,
                                                    "count": 20634,
                                                    "self": 32.85619840000028
                                                }
                                            }
                                        }
                                    }
                                },
                                "workers": {
                                    "total": 0.2889236000004072,
                                    "count": 20633,
                                    "self": 0.0,