{
    "name": "root",
    "gauges": {
        "DroneBehavior.Policy.Entropy.mean": {
            "value": 1.4180631637573242,
            "min": 1.4180631637573242,
            "max": 1.4213449954986572,
            "count": 101
        },
        "DroneBehavior.Policy.Entropy.sum": {
            "value": 910.3965454101562,
            "min": 59.67671585083008,
            "max": 2788.4697265625,
            "count": 101
        },
        "DroneBehavior.Environment.EpisodeLength.mean": {
            "value": 999.0,
            "min": 0.0,
            "max": 1041.5,
            "count": 83
        },
        "DroneBehavior.Environment.EpisodeLength.sum": {
            "value": 999.0,
            "min": 0.0,
            "max": 5633.0,
            "count": 83
        },
        "DroneBehavior.Step.mean": {
            "value": 100855.0,
            "min": 744.0,
            "max": 100855.0,
            "count": 101
        },
        "DroneBehavior.Step.sum": {
            "value": 100855.0,
            "min": 744.0,
            "max": 100855.0,
            "count": 101
        },
        "DroneBehavior.Policy.ExtrinsicValueEstimate.mean": {
            "value": 0.3556409478187561,
            "min": -0.4502701461315155,
            "max": 2.041470766067505,
            "count": 101
        },
        "DroneBehavior.Policy.ExtrinsicValueEstimate.sum": {
            "value": 1.4225637912750244,
            "min": -2.7016208171844482,
            "max": 10.207353591918945,
            "count": 101
        },
        "DroneBehavior.Environment.CumulativeReward.mean": {
            "value": 27.4000014513731,
            "min": -0.7899999944493175,
            "max": 116.50000183284283,
            "count": 85
        },
        "DroneBehavior.Environment.CumulativeReward.sum": {
            "value": 27.4000014513731,
            "min": -4.0,
            "max": 172.47003293596208,
            "count": 85
        },
        "DroneBehavior.Policy.ExtrinsicReward.mean": {
            "value": 27.4000014513731,
            "min": -0.7899999944493175,
            "max": 116.50000183284283,
            "count": 85
        },
        "DroneBehavior.Policy.ExtrinsicReward.sum": {
            "value": 27.4000014513731,
            "min": -4.0,
            "max": 172.47003293596208,
            "count": 85
        },
        "DroneBehavior.IsTraining.mean": {
            "value": 1.0,
            "min": 1.0,
            "max": 1.0,
            "count": 101
        },
        "DroneBehavior.IsTraining.sum": {
            "value": 1.0,
            "min": 1.0,
            "max": 1.0,
            "count": 101
        },
        "DroneBehavior.Losses.PolicyLoss.mean": {
            "value": 0.030440027352112035,
            "min": 0.029000552810935512,
            "max": 0.04395443492103368,
            "count": 19
        },
        "DroneBehavior.Losses.PolicyLoss.sum": {
            "value": 0.030440027352112035,
            "min": 0.029000552810935512,
            "max": 0.04395443492103368,
            "count": 19
        },
        "DroneBehavior.Losses.ValueLoss.mean": {
            "value": 1.177821127573649,
            "min": 0.0035080029784391323,
            "max": 2.333617757867884,
            "count": 19
        },
        "DroneBehavior.Losses.ValueLoss.sum": {
            "value": 1.177821127573649,
            "min": 0.0035080029784391323,
            "max": 2.333617757867884,
            "count": 19
        },
        "DroneBehavior.Policy.LearningRate.mean": {
            "value": 9.019000981000001e-05,
            "min": 9.019000981000001e-05,
            "max": 9.948400051599999e-05,
            "count": 19
        },
        "DroneBehavior.Policy.LearningRate.sum": {
            "value": 9.019000981000001e-05,
            "min": 9.019000981000001e-05,
            "max": 9.948400051599999e-05,
            "count": 19
        },
        "DroneBehavior.Policy.Epsilon.mean": {
            "value": 0.19019000000000005,
            "min": 0.19019000000000005,
            "max": 0.199484,
            "count": 19
        },
        "DroneBehavior.Policy.Epsilon.sum": {
            "value": 0.19019000000000005,
            "min": 0.19019000000000005,
            "max": 0.199484,
            "count": 19
        },
        "DroneBehavior.Policy.Beta.mean": {
            "value": 0.004510481,
            "min": 0.004510481,
            "max": 0.004974251600000002,
            "count": 19
        },
        "DroneBehavior.Policy.Beta.sum": {
            "value": 0.004510481,
            "min": 0.004510481,
            "max": 0.004974251600000002,
            "count": 19
        }
    },
    "metadata": {
        "timer_format_version": "0.1.0",
        "start_time_seconds": "1701256547",
        "python_version": "3.7.9 (default, Aug 31 2020, 17:10:11) [MSC v.1916 64 bit (AMD64)]",
        "command_line_arguments": "C:\\Users\\2001a\\miniconda3\\envs\\ml_agents\\Scripts\\mlagents-learn config.yaml --run-id=Test5",
        "mlagents_version": "0.28.0",
        "mlagents_envs_version": "0.28.0",
        "communication_protocol_version": "1.5.0",
        "pytorch_version": "1.7.1+cu110",
        "numpy_version": "1.21.2",
        "end_time_seconds": "1701256721"
    },
    "total": 173.2955662,
    "count": 1,
    "self": 0.005921400000005406,
    "children": {
        "run_training.setup": {
            "total": 0.09759439999999997,
            "count": 1,
            "self": 0.09759439999999997
        },
        "TrainerController.start_learning": {
            "total": 173.1920504,
            "count": 1,
            "self": 0.44292069999946193,
            "children": {
                "TrainerController._reset_env": {
                    "total": 44.5061261,
                    "count": 1,
                    "self": 44.5061261
                },
                "TrainerController.advance": {
                    "total": 128.12775090000054,
                    "count": 16967,
                    "self": 0.22379690000070696,
                    "children": {
                        "env_step": {
                            "total": 127.90395399999983,
                            "count": 16967,
                            "self": 96.8647498000007,
                            "children": {
                                "SubprocessEnvManager._take_step": {
                                    "total": 30.806947599999503,
                                    "count": 16967,
                                    "self": 1.1697873000009338,
                                    "children": {
                                        "TorchPolicy.evaluate": {
                                            "total": 29.63716029999857,
                                            "count": 16967,
                                            "self": 4.121955399999486,
                                            "children": {
                                                "TorchPolicy.sample_actions": {
                                                    "total": 25.515204899999084,
                                                    "count": 16967,
                                                    "self": 25.515204899999084
                                                }
                                            }
                                        }
                                    }
                                },
                                "workers": {
                                    "total": 0.23225659999963,
                                    "count": 16966,
                                    "self": 0.0,