{
    "name": "root",
    "metadata": {
        "timer_format_version": "0.1.0",
        "start_time_seconds": "1700746512",
        "python_version": "3.7.9 (default, Aug 31 2020, 17:10:11) [MSC v.1916 64 bit (AMD64)]",
        "command_line_arguments": "C:\\Users\\2001a\\miniconda3\\envs\\ml_agents\\Scripts\\mlagents-learn config.yaml --run-id=Proba4",
        "mlagents_version": "0.28.0",
        "mlagents_envs_version": "0.28.0",
        "communication_protocol_version": "1.5.0",
        "pytorch_version": "1.7.1+cu110",
        "numpy_version": "1.21.2",
        "end_time_seconds": "1700746567"
    },
    "total": 55.264665,
    "count": 1,
    "self": 0.009242700000001491,
    "children": {
        "run_training.setup": {
            "total": 0.1630640999999997,
            "count": 1,
            "self": 0.1630640999999997
        },
        "TrainerController.start_learning": {
            "total": 55.0923582,
            "count": 1,
            "self": 0.017446200000016177,
            "children": {
                "TrainerController._reset_env": {
                    "total": 20.9954866,
                    "count": 1,
                    "self": 20.9954866
                },
                "TrainerController.advance": {
                    "total": 33.839492699999994,
                    "count": 1,
                    "self": 2.779999999802385e-05,
                    "children": {
                        "env_step": {
                            "total": 33.839464899999996,
                            "count": 1,
                            "self": 33.8394536,
                            "children": {
                                "SubprocessEnvManager._take_step": {
                                    "total": 1.1299999997049781e-05,
                                    "count": 1,
                                    "self": 1.1299999997049781e-05
                                }
                            }
                        }
                    }
                },
                "trainer_threads": {
                    "total": 2.749999999451802e-05,
                    "count": 1,
                    "self": 2.749999999451802e-05,
                    "children": {
                        "thread_root": {
                            "total": 0.0,
                            "count": 0,
                            "is_parallel": true,
                            "self": 0.0,
                            "children": {
                                "trainer_advance": {
                                    "total": 33.76350310000005,
                                    "count": 2177,
                                    "is_parallel": true,
                                    "self": 0.21854260000024794,
                                    "children": {
                                        "process_trajectory": {
                                            "total": 33.5449604999998,
                                            "count": 2177,
                                            "is_parallel": true,
                                            "self": 33.5449604999998
                                        }
                                    }
                                }
                            }
                        }
                    }
                },
                "TrainerController._save_models": {
                    "total": 0.2399051999999955,
                    "count": 1,
                    "self": 0.03412819999999073,
                    "children": {
                        "RLTrainer._checkpoint": {
                            "total": 0.20577700000000476,
                            "count": 1,
                            "self": 0.20577700000000476
                        }
                    }
                }
            }
        }
    }
}