{
    "name": "root",
    "gauges": {
        "DroneBehavior.Policy.Entropy.mean": {
            "value": 1.7917518615722656,
            "min": 1.7917518615722656,
            "max": 1.7917518615722656,
            "count": 1
        },
        "DroneBehavior.Policy.Entropy.sum": {
            "value": 9429.990234375,
            "min": 9429.990234375,
            "max": 9429.990234375,
            "count": 1
        },
        "DroneBehavior.Step.mean": {
            "value": 4864.0,
            "min": 4864.0,
            "max": 4864.0,
            "count": 1
        },
        "DroneBehavior.Step.sum": {
            "value": 4864.0,
            "min": 4864.0,
            "max": 4864.0,
            "count": 1
        },
        "DroneBehavior.Policy.ExtrinsicValueEstimate.mean": {
            "value": 0.0034739540424197912,
            "min": 0.0034739540424197912,
            "max": 0.0034739540424197912,
            "count": 1
        },
        "DroneBehavior.Policy.ExtrinsicValueEstimate.sum": {
            "value": 0.06600512564182281,
            "min": 0.06600512564182281,
            "max": 0.06600512564182281,
            "count": 1
        },
        "DroneBehavior.IsTraining.mean": {
            "value": 1.0,
            "min": 1.0,
            "max": 1.0,
            "count": 1
        },
        "DroneBehavior.IsTraining.sum": {
            "value": 1.0,
            "min": 1.0,
            "max": 1.0,
            "count": 1
        }
    },
    "metadata": {
        "timer_format_version": "0.1.0",
        "start_time_seconds": "1700593159",
        "python_version": "3.7.9 (default, Aug 31 2020, 17:10:11) [MSC v.1916 64 bit (AMD64)]",
        "command_line_arguments": "C:\\Users\\2001a\\miniconda3\\envs\\ml_agents\\Scripts\\mlagents-learn config.yaml --run-id=Mukodjpls",
        "mlagents_version": "0.28.0",
        "mlagents_envs_version": "0.28.0",
        "communication_protocol_version": "1.5.0",
        "pytorch_version": "1.7.1+cu110",
        "numpy_version": "1.21.2",
        "end_time_seconds": "1700593264"
    },
    "total": 105.3442278,
    "count": 1,
    "self": 10.0116053,
    "children": {
        "run_training.setup": {
            "total": 0.19642019999999993,
            "count": 1,
            "self": 0.19642019999999993
        },
        "TrainerController.start_learning": {
            "total": 95.1362023,
            "count": 1,
            "self": 0.5638360000002933,
            "children": {
                "TrainerController._reset_env": {
                    "total": 23.732740300000003,
                    "count": 1,
                    "self": 23.732740300000003
                },
                "TrainerController.advance": {
                    "total": 70.64011559999969,
                    "count": 5377,
                    "self": 0.0827572999997841,
                    "children": {
                        "env_step": {
                            "total": 70.5573582999999,
                            "count": 5377,
                            "self": 60.33587040000023,
                            "children": {
                                "SubprocessEnvManager._take_step": {
                                    "total": 10.140518099999333,
                                    "count": 5378,
                                    "self": 0.41925490000014065,
                                    "children": {
                                        "TorchPolicy.evaluate": {
                                            "total": 9.721263199999193,
                                            "count": 5378,
                                            "self": 2.0760816999992926,
                                            "children": {
                                                "TorchPolicy.sample_actions": {
                                                    "total": 7.6451814999999,
                                                    "count": 5378,
                                                    "self": 7.6451814999999
                                                }
                                            }
                                        }
                                    }
                                },
                                "workers": {
                                    "total": 0.08096980000034293,
                                    "count": 5376,
                                    "self": 0.0,
                                    "children": {
                                        "worker_root": {
                                            "total": 56.33148230000015,
                                            "count": 5376,
                                            "is_parallel": true,
                                            "self": 17.316362099999907,
                                            "children": {
                                                "steps_from_proto": {
                                                    "total": 0.006900699999999205,
                                                    "count": 2,
                                                    "is_parallel": true,
                                                    "self": 0.002802500000010255,
                                                    "children": {
                                                        "_process_rank_one_or_two_observation": {
                                                            "total": 0.00409819999998895,
                                                            "count": 16,
                                                            "is_parallel": true,
                                                            "self": 0.00409819999998895
                                                        }
                                                    }
                                                },
                                                "UnityEnvironment.step": {
                                                    "total": 39.00821950000024,
                                                    "count": 5376,
                                                    "is_parallel": true,
                                                    "self": 0.7018765000000258,
                                                    "children": {
                                                        "UnityEnvironment._generate_step_input": {
                                                            "total": 0.5861364000001643,
                                                            "count": 5376,
                                                            "is_parallel": true,
                                                            "self": 0.5861364000001643
                                                        },
                                                        "communicator.exchange": {
                                                            "total": 34.77156909999991,
                                                            "count": 5376,
                                                            "is_parallel": true,
                                                            "self": 34.77156909999991
                                                        },
                                                        "steps_from_proto": {
                                                            "total": 2.9486375000001406,
                                                            "count": 5376,
                                                            "is_parallel": true,
                                                            "self": 1.4323856000001722,