{
    "name": "root",
    "metadata": {
        "timer_format_version": "0.1.0",
        "start_time_seconds": "1698596742",
        "python_version": "3.7.9 (default, Aug 31 2020, 17:10:11) [MSC v.1916 64 bit (AMD64)]",
        "command_line_arguments": "C:\\Users\\2001a\\miniconda3\\envs\\ml_agents\\Scripts\\mlagents-learn config.yaml --run-id=cool",
        "mlagents_version": "0.28.0",
        "mlagents_envs_version": "0.28.0",
        "communication_protocol_version": "1.5.0",
        "pytorch_version": "1.7.1+cu110",
        "numpy_version": "1.21.2",
        "end_time_seconds": "1698596886"
    },
    "total": 143.7091161,
    "count": 1,
    "self": 0.005842900000004647,
    "children": {
        "run_training.setup": {
            "total": 0.12287490000000001,
            "count": 1,
            "self": 0.12287490000000001
        },
        "TrainerController.start_learning": {
            "total": 143.58039829999998,
            "count": 1,
            "self": 0.3007194000002755,
            "children": {
                "TrainerController._reset_env": {
                    "total": 12.7006831,
                    "count": 1,
                    "self": 12.7006831
                },
                "TrainerController.advance": {
                    "total": 130.42414209999973,
                    "count": 11617,
                    "self": 0.1409841999996786,
                    "children": {
                        "env_step": {
                            "total": 130.28315790000005,
                            "count": 11617,
                            "self": 114.8972848000011,
                            "children": {
                                "SubprocessEnvManager._take_step": {
                                    "total": 15.23956099999968,
                                    "count": 11617,
                                    "self": 0.6557490999990936,
                                    "children": {
                                        "TorchPolicy.evaluate": {
                                            "total": 14.583811900000587,
                                            "count": 11617,
                                            "self": 3.3425238000010644,
                                            "children": {
                                                "TorchPolicy.sample_actions": {
                                                    "total": 11.241288099999522,
                                                    "count": 11617,
                                                    "self": 11.241288099999522
                                                }
                                            }
                                        }
                                    }
                                },
                                "workers": {
                                    "total": 0.1463120999992622,
                                    "count": 11616,
                                    "self": 0.0,
                                    "children": {
                                        "worker_root": {
                                            "total": 68.40450829999979,
                                            "count": 11616,
                                            "is_parallel": true,
                                            "self": 27.59405289999944,
                                            "children": {
                                                "steps_from_proto": {
                                                    "total": 0.0005267999999993833,
                                                    "count": 1,
                                                    "is_parallel": true,
                                                    "self": 0.00031919999999985293,
                                                    "children": {
                                                        "_process_rank_one_or_two_observation": {
                                                            "total": 0.00020759999999953038,
                                                            "count": 2,
                                                            "is_parallel": true,
                                                            "self": 0.00020759999999953038
                                                        }
                                                    }
                                                },
                                                "UnityEnvironment.step": {
                                                    "total": 40.80992860000035,
                                                    "count": 11616,
                                                    "is_parallel": true,
                                                    "self": 1.082510399998867,
                                                    "children": {
                                                        "UnityEnvironment._generate_step_input": {
                                                            "total": 1.0723919000008095,
                                                            "count": 11616,
                                                            "is_parallel": true,
                                                            "self": 1.0723919000008095
                                                        },
                                                        "communicator.exchange": {
                                                            "total": 35.24001160000015,
                                                            "count": 11616,
                                                            "is_parallel": true,
                                                            "self": 35.24001160000015
                                                        },
                                                        "steps_from_proto": {
                                                            "total": 3.4150147000005227,
                                                            "count": 11616,
                                                            "is_parallel": true,
                                                            "self": 2.110105300000523,
                                                            "children": {
                                                                "_process_rank_one_or_two_observation": {
                                                                    "total": 1.3049093999999997,
                                                                    "count": 23232,
                                                                    "is_parallel": true,
                                                                    "self": 1.3049093999999997
                                                                }
                                                            }
                                                        }
                                                    }
                                                }
                                            }
                                        }
                                    }
                                }
                            }
                        }
                    }
                },
                "TrainerController._save_models": {
                    "total": 0.15485369999998966,
                    "count": 1,
                    "self": 0.012359599999996362,
                    "children": {
                        "RLTrainer._checkpoint": {
                            "total": 0.1424940999999933,
                            "count": 1,