{
    "name": "root",
    "gauges": {
        "DroneBehavior.Policy.Entropy.mean": {
            "value": 1.4205557107925415,
            "min": 1.4189382791519165,
            "max": 1.4205557107925415,
            "count": 6
        },
        "DroneBehavior.Policy.Entropy.sum": {
            "value": 2839.69091796875,
            "min": 2837.87646484375,
            "max": 2839.69091796875,
            "count": 6
        },
        "DroneBehavior.Step.mean": {
            "value": 11768.0,
            "min": 1768.0,
            "max": 11768.0,
            "count": 6
        },
        "DroneBehavior.Step.sum": {
            "value": 11768.0,
            "min": 1768.0,
            "max": 11768.0,
            "count": 6
        },
        "DroneBehavior.Policy.ExtrinsicValueEstimate.mean": {
            "value": -0.002508548554033041,
            "min": -0.011188391596078873,
            "max": 0.008515582419931889,
            "count": 6
        },
        "DroneBehavior.Policy.ExtrinsicValueEstimate.sum": {
            "value": -0.020068388432264328,
            "min": -0.08950713276863098,
            "max": 0.06812465935945511,
            "count": 6
        },
        "DroneBehavior.Environment.EpisodeLength.mean": {
            "value": 999.0,
            "min": 999.0,
            "max": 999.0,
            "count": 6
        },
        "DroneBehavior.Environment.EpisodeLength.sum": {
            "value": 1998.0,
            "min": 1998.0,
            "max": 1998.0,
            "count": 6
        },
        "DroneBehavior.Environment.CumulativeReward.mean": {
            "value": -1.0000000596046448,
            "min": -1.0000000596046448,
            "max": -1.0000000596046448,
            "count": 6
        },
        "DroneBehavior.Environment.CumulativeReward.sum": {
            "value": -2.0000001192092896,
            "min": -2.0000001192092896,
            "max": -1.0000000596046448,
            "count": 6
        },
        "DroneBehavior.Policy.ExtrinsicReward.mean": {
            "value": -1.0000000596046448,
            "min": -1.0000000596046448,
            "max": -1.0000000596046448,
            "count": 6
        },
        "DroneBehavior.Policy.ExtrinsicReward.sum": {
            "value": -2.0000001192092896,
            "min": -2.0000001192092896,
            "max": -1.0000000596046448,
            "count": 6
        },
        "DroneBehavior.IsTraining.mean": {
            "value": 1.0,
            "min": 1.0,
            "max": 1.0,
            "count": 6
        },
        "DroneBehavior.IsTraining.sum": {
            "value": 1.0,
            "min": 1.0,
            "max": 1.0,
            "count": 6
        },
        "DroneBehavior.Losses.PolicyLoss.mean": {
            "value": 0.021784079408583543,
            "min": 0.021784079408583543,
            "max": 0.021784079408583543,
            "count": 1
        },
        "DroneBehavior.Losses.PolicyLoss.sum": {
            "value": 0.021784079408583543,
            "min": 0.021784079408583543,
            "max": 0.021784079408583543,
            "count": 1
        },
        "DroneBehavior.Losses.ValueLoss.mean": {
            "value": 0.00012011875730119451,
            "min": 0.00012011875730119451,
            "max": 0.00012011875730119451,
            "count": 1
        },
        "DroneBehavior.Losses.ValueLoss.sum": {
            "value": 0.00012011875730119451,
            "min": 0.00012011875730119451,
            "max": 0.00012011875730119451,
            "count": 1
        },
        "DroneBehavior.Policy.LearningRate.mean": {
            "value": 0.00029692320102559996,
            "min": 0.00029692320102559996,
            "max": 0.00029692320102559996,
            "count": 1
        },
        "DroneBehavior.Policy.LearningRate.sum": {
            "value": 0.00029692320102559996,
            "min": 0.00029692320102559996,
            "max": 0.00029692320102559996,
            "count": 1
        },
        "DroneBehavior.Policy.Epsilon.mean": {
            "value": 0.1989744,
            "min": 0.1989744,
            "max": 0.1989744,
            "count": 1
        },
        "DroneBehavior.Policy.Epsilon.sum": {
            "value": 0.1989744,
            "min": 0.1989744,
            "max": 0.1989744,
            "count": 1
        },
        "DroneBehavior.Policy.Beta.mean": {
            "value": 0.004948822560000001,
            "min": 0.004948822560000001,
            "max": 0.004948822560000001,
            "count": 1
        },
        "DroneBehavior.Policy.Beta.sum": {
            "value": 0.004948822560000001,
            "min": 0.004948822560000001,
            "max": 0.004948822560000001,
            "count": 1
        }
    },
    "metadata": {
        "timer_format_version": "0.1.0",
        "start_time_seconds": "1701295961",
        "python_version": "3.7.9 (default, Aug 31 2020, 17:10:11) [MSC v.1916 64 bit (AMD64)]",
        "command_line_arguments": "C:\\Users\\2001a\\miniconda3\\envs\\ml_agents\\Scripts\\mlagents-learn config.yaml --run-id=T8",
        "mlagents_version": "0.28.0",
        "mlagents_envs_version": "0.28.0",
        "communication_protocol_version": "1.5.0",
        "pytorch_version": "1.7.1+cu110",
        "numpy_version": "1.21.2",
        "end_time_seconds": "1701296121"
    },
    "total": 159.99188039999999,
    "count": 1,
    "self": 0.007407999999998083,
    "children": {
        "run_training.setup": {
            "total": 0.11107500000000003,
            "count": 1,
            "self": 0.11107500000000003
        },
        "TrainerController.start_learning": {
            "total": 159.8733974,
            "count": 1,
            "self": 0.3423876999997333,
            "children": {
                "TrainerController._reset_env": {
                    "total": 49.7497902,
                    "count": 1,
                    "self": 49.7497902
                },
                "TrainerController.advance": {
                    "total": 109.65950340000023,
                    "count": 12951,
                    "self": 0.16694550000030972,
                    "children": {
                        "env_step": {
                            "total": 109.49255789999992,
                            "count": 12951,
                            "self": 93.40983470000033,
                            "children": {
                                "SubprocessEnvManager._take_step": {
                                    "total": 15.914563400000418,
                                    "count": 12951,
                                    "self": 0.8567622000005812,
                                    "children": {
                                        "TorchPolicy.evaluate": {
                                            "total": 15.057801199999837,
                                            "count": 12951,
                                            "self": 2.3498305999998195,
                                            "children": {
                                                "TorchPolicy.sample_actions": {
                                                    "total": 12.707970600000017,
                                                    "count": 12951,
                                                    "self": 12.707970600000017
                                                }
                                            }
                                        }
                                    }
                                },
                                "workers": {
                                    "total": 0.16815979999917374,
                                    "count": 12950,
                                    "self": 0.0,