{
    "name": "root",
    "gauges": {
        "DroneBehavior.Policy.Entropy.mean": {
            "value": 1.7679897546768188,
            "min": 1.763446569442749,
            "max": 1.7911732196807861,
            "count": 30
        },
        "DroneBehavior.Policy.Entropy.sum": {
            "value": 9085.69921875,
            "min": 8279.25390625,
            "max": 10736.2919921875,
            "count": 30
        },
        "DroneBehavior.Environment.EpisodeLength.mean": {
            "value": 163.43333333333334,
            "min": 148.96875,
            "max": 188.88888888888889,
            "count": 30
        },
        "DroneBehavior.Environment.EpisodeLength.sum": {
            "value": 4903.0,
            "min": 4767.0,
            "max": 5196.0,
            "count": 30
        },
        "DroneBehavior.Step.mean": {
            "value": 149865.0,
            "min": 4904.0,
            "max": 149865.0,
            "count": 30
        },
        "DroneBehavior.Step.sum": {
            "value": 149865.0,
            "min": 4904.0,
            "max": 149865.0,
            "count": 30
        },
        "DroneBehavior.Policy.ExtrinsicValueEstimate.mean": {
            "value": -0.22138342261314392,
            "min": -0.2331886887550354,
            "max": 0.4518543779850006,
            "count": 30
        },
        "DroneBehavior.Policy.ExtrinsicValueEstimate.sum": {
            "value": -6.641502857208252,
            "min": -7.680264472961426,
            "max": 11.748213768005371,
            "count": 30
        },
        "DroneBehavior.Environment.CumulativeReward.mean": {
            "value": -3.5095666646957397,
            "min": -3.853923146541302,
            "max": -3.3848749324679375,
            "count": 30
        },
        "DroneBehavior.Environment.CumulativeReward.sum": {
            "value": -105.28699994087219,
            "min": -113.16399693489075,
            "max": -99.05299711227417,
            "count": 30
        },
        "DroneBehavior.Policy.ExtrinsicReward.mean": {
            "value": -3.5095666646957397,
            "min": -3.853923146541302,
            "max": -3.3848749324679375,
            "count": 30
        },
        "DroneBehavior.Policy.ExtrinsicReward.sum": {
            "value": -105.28699994087219,
            "min": -113.16399693489075,
            "max": -99.05299711227417,
            "count": 30
        },
        "DroneBehavior.IsTraining.mean": {
            "value": 1.0,
            "min": 1.0,
            "max": 1.0,
            "count": 30
        },
        "DroneBehavior.IsTraining.sum": {
            "value": 1.0,
            "min": 1.0,
            "max": 1.0,
            "count": 30
        },
        "DroneBehavior.Losses.PolicyLoss.mean": {
            "value": 0.029619120185573895,
            "min": 0.02677861066897296,
            "max": 0.04432993734565874,
            "count": 29
        },
        "DroneBehavior.Losses.PolicyLoss.sum": {
            "value": 0.029619120185573895,
            "min": 0.02677861066897296,
            "max": 0.04432993734565874,
            "count": 29
        },
        "DroneBehavior.Losses.ValueLoss.mean": {
            "value": 0.0007176886700714628,
            "min": 0.0007176886700714628,
            "max": 0.03784925077731411,
            "count": 29
        },
        "DroneBehavior.Losses.ValueLoss.sum": {
            "value": 0.0007176886700714628,
            "min": 0.0007176886700714628,
            "max": 0.03784925077731411,
            "count": 29
        },
        "DroneBehavior.Policy.LearningRate.mean": {
            "value": 0.00025567291477569993,
            "min": 0.00025567291477569993,
            "max": 0.0002984619005127,
            "count": 29
        },
        "DroneBehavior.Policy.LearningRate.sum": {
            "value": 0.00025567291477569993,
            "min": 0.00025567291477569993,
            "max": 0.0002984619005127,
            "count": 29
        },
        "DroneBehavior.Policy.Epsilon.mean": {
            "value": 0.18522429999999995,
            "min": 0.18522429999999995,
            "max": 0.19948730000000006,
            "count": 29
        },
        "DroneBehavior.Policy.Epsilon.sum": {
            "value": 0.18522429999999995,
            "min": 0.18522429999999995,
            "max": 0.19948730000000006,
            "count": 29
        },
        "DroneBehavior.Policy.Beta.mean": {
            "value": 0.0042626925700000005,
            "min": 0.0042626925700000005,
            "max": 0.004974416270000001,
            "count": 29
        },
        "DroneBehavior.Policy.Beta.sum": {
            "value": 0.0042626925700000005,
            "min": 0.0042626925700000005,
            "max": 0.004974416270000001,
            "count": 29
        }
    },
    "metadata": {
        "timer_format_version": "0.1.0",
        "start_time_seconds": "1698596983",
        "python_version": "3.7.9 (default, Aug 31 2020, 17:10:11) [MSC v.1916 64 bit (AMD64)]",
        "command_line_arguments": "C:\\Users\\2001a\\miniconda3\\envs\\ml_agents\\Scripts\\mlagents-learn config.yaml --run-id=multiagents",
        "mlagents_version": "0.28.0",
        "mlagents_envs_version": "0.28.0",
        "communication_protocol_version": "1.5.0",
        "pytorch_version": "1.7.1+cu110",
        "numpy_version": "1.21.2",
        "end_time_seconds": "1698597130"
    },
    "total": 147.8654885,
    "count": 1,
    "self": 0.007200600000004442,
    "children": {
        "run_training.setup": {
            "total": 0.11174779999999984,
            "count": 1,
            "self": 0.11174779999999984
        },
        "TrainerController.start_learning": {
            "total": 147.7465401,
            "count": 1,
            "self": 1.3208178999996392,
            "children": {
                "TrainerController._reset_env": {
                    "total": 13.8906311,
                    "count": 1,
                    "self": 13.8906311
                },
                "TrainerController.advance": {
                    "total": 132.43520950000035,
                    "count": 17102,
                    "self": 0.21725899999802323,
                    "children": {
                        "env_step": {
                            "total": 132.21795050000233,
                            "count": 17102,
                            "self": 90.69410740000116,
                            "children": {
                                "SubprocessEnvManager._take_step": {
                                    "total": 41.28726250000024,
                                    "count": 17102,
                                    "self": 1.0575795000001236,
                                    "children": {
                                        "TorchPolicy.evaluate": {
                                            "total": 40.229683000000115,
                                            "count": 17102,
                                            "self": 8.068613900000734,
                                            "children": {
                                                "TorchPolicy.sample_actions": {
                                                    "total": 32.16106909999938,
                                                    "count": 17102,
                                                    "self": 32.16106909999938
                                                }
                                            }
                                        }
                                    }
                                },
                                "workers": {
                                    "total": 0.23658060000093428,
                                    "count": 17101,