{
    "name": "root",
    "gauges": {
        "DroneBehavior.Policy.Entropy.mean": {
            "value": 1.418005108833313,
            "min": 1.415506362915039,
            "max": 1.4210376739501953,
            "count": 97
        },
        "DroneBehavior.Policy.Entropy.sum": {
            "value": 1416.587158203125,
            "min": 1180.532470703125,
            "max": 1669.208251953125,
            "count": 97
        },
        "DroneBehavior.Step.mean": {
            "value": 96811.0,
            "min": 768.0,
            "max": 96811.0,
            "count": 97
        },
        "DroneBehavior.Step.sum": {
            "value": 96811.0,
            "min": 768.0,
            "max": 96811.0,
            "count": 97
        },
        "DroneBehavior.Policy.ExtrinsicValueEstimate.mean": {
            "value": -0.018117941915988922,
            "min": -0.44347280263900757,
            "max": 0.16050764918327332,
            "count": 97
        },
        "DroneBehavior.Policy.ExtrinsicValueEstimate.sum": {
            "value": -0.07247176766395569,
            "min": -1.7738912105560303,
            "max": 0.6420305967330933,
            "count": 97
        },
        "DroneBehavior.Environment.EpisodeLength.mean": {
            "value": 999.0,
            "min": 61.0,
            "max": 999.0,
            "count": 97
        },
        "DroneBehavior.Environment.EpisodeLength.sum": {
            "value": 999.0,
            "min": 122.0,
            "max": 1240.0,
            "count": 97
        },
        "DroneBehavior.IsTraining.mean": {
            "value": 1.0,
            "min": 1.0,
            "max": 1.0,
            "count": 97
        },
        "DroneBehavior.IsTraining.sum": {
            "value": 1.0,
            "min": 1.0,
            "max": 1.0,
            "count": 97
        },
        "DroneBehavior.Environment.CumulativeReward.mean": {
            "value": -1.0000000596046448,
            "min": -1.0000000596046448,
            "max": 73.00001180171967,
            "count": 96
        },
        "DroneBehavior.Environment.CumulativeReward.sum": {
            "value": -1.0000000596046448,
            "min": -1.1220000721514225,
            "max": 73.00001180171967,
            "count": 96
        },
        "DroneBehavior.Policy.ExtrinsicReward.mean": {
            "value": -1.0000000596046448,
            "min": -1.0000000596046448,
            "max": 73.00001180171967,
            "count": 96
        },
        "DroneBehavior.Policy.ExtrinsicReward.sum": {
            "value": -1.0000000596046448,
            "min": -1.1220000721514225,
            "max": 73.00001180171967,
            "count": 96
        },
        "DroneBehavior.Losses.PolicyLoss.mean": {
            "value": 0.01855547822585019,
            "min": 0.018160859763156623,
            "max": 0.030649683339072874,
            "count": 9
        },
        "DroneBehavior.Losses.PolicyLoss.sum": {
            "value": 0.01855547822585019,
            "min": 0.018160859763156623,
            "max": 0.030649683339072874,
            "count": 9
        },
        "DroneBehavior.Losses.ValueLoss.mean": {
            "value": 2.4822530804158305e-05,
            "min": 2.4822530804158305e-05,
            "max": 0.25212880298495294,
            "count": 9
        },
        "DroneBehavior.Losses.ValueLoss.sum": {
            "value": 2.4822530804158305e-05,
            "min": 2.4822530804158305e-05,
            "max": 0.25212880298495294,
            "count": 9
        },
        "DroneBehavior.Policy.LearningRate.mean": {
            "value": 0.0002724567091811,
            "min": 0.0002724567091811,
            "max": 0.00029692320102559996,
            "count": 9
        },
        "DroneBehavior.Policy.LearningRate.sum": {
            "value": 0.0002724567091811,
            "min": 0.0002724567091811,
            "max": 0.00029692320102559996,
            "count": 9
        },
        "DroneBehavior.Policy.Epsilon.mean": {
            "value": 0.1908189,
            "min": 0.1908189,
            "max": 0.1989744,
            "count": 9
        },
        "DroneBehavior.Policy.Epsilon.sum": {
            "value": 0.1908189,
            "min": 0.1908189,
            "max": 0.1989744,
            "count": 9
        },
        "DroneBehavior.Policy.Beta.mean": {
            "value": 0.00454186311,
            "min": 0.00454186311,
            "max": 0.004948822560000001,
            "count": 9
        },
        "DroneBehavior.Policy.Beta.sum": {
            "value": 0.00454186311,
            "min": 0.00454186311,
            "max": 0.004948822560000001,
            "count": 9
        }
    },
    "metadata": {
        "timer_format_version": "0.1.0",
        "start_time_seconds": "1701295203",
        "python_version": "3.7.9 (default, Aug 31 2020, 17:10:11) [MSC v.1916 64 bit (AMD64)]",
        "command_line_arguments": "C:\\Users\\2001a\\miniconda3\\envs\\ml_agents\\Scripts\\mlagents-learn config.yaml --run-id=yolo2",
        "mlagents_version": "0.28.0",
        "mlagents_envs_version": "0.28.0",
        "communication_protocol_version": "1.5.0",
        "pytorch_version": "1.7.1+cu110",
        "numpy_version": "1.21.2",
        "end_time_seconds": "1701295853"
    },
    "total": 650.3020666,
    "count": 1,
    "self": 0.0077145000000200525,
    "children": {
        "run_training.setup": {
            "total": 0.1036454,
            "count": 1,
            "self": 0.1036454
        },
        "TrainerController.start_learning": {
            "total": 650.1907067,
            "count": 1,
            "self": 2.4729056000013543,
            "children": {
                "TrainerController._reset_env": {
                    "total": 19.7544893,
                    "count": 1,
                    "self": 19.7544893
                },
                "TrainerController.advance": {
                    "total": 627.7861127999986,
                    "count": 97533,
                    "self": 1.2316950000124507,
                    "children": {
                        "env_step": {
                            "total": 626.5544177999861,
                            "count": 97533,
                            "self": 501.01854960000986,
                            "children": {
                                "SubprocessEnvManager._take_step": {
                                    "total": 124.23934769999474,
                                    "count": 97533,
                                    "self": 6.366643299983309,
                                    "children": {
                                        "TorchPolicy.evaluate": {
                                            "total": 117.87270440001143,
                                            "count": 97533,
                                            "self": 18.068167200027304,
                                            "children": {
                                                "TorchPolicy.sample_actions": {
                                                    "total": 99.80453719998413,
                                                    "count": 97533,
                                                    "self": 99.80453719998413
                                                }
                                            }
                                        }
                                    }
                                },
                                "workers": {
                                    "total": 1.2965204999815434,
                                    "count": 97532,
                                    "self": 0.0,