{
    "name": "root",
    "gauges": {
        "DroneBehavior.Policy.Entropy.mean": {
            "value": 1.418938398361206,
            "min": 1.4189382791519165,
            "max": 1.418938398361206,
            "count": 10
        },
        "DroneBehavior.Policy.Entropy.sum": {
            "value": 1279.8824462890625,
            "min": 1279.8824462890625,
            "max": 1455.830810546875,
            "count": 10
        },
        "DroneBehavior.Step.mean": {
            "value": 9864.0,
            "min": 768.0,
            "max": 9864.0,
            "count": 10
        },
        "DroneBehavior.Step.sum": {
            "value": 9864.0,
            "min": 768.0,
            "max": 9864.0,
            "count": 10
        },
        "DroneBehavior.Policy.ExtrinsicValueEstimate.mean": {
            "value": 0.010806750506162643,
            "min": -0.032651402056217194,
            "max": 0.031011927872896194,
            "count": 10
        },
        "DroneBehavior.Policy.ExtrinsicValueEstimate.sum": {
            "value": 0.043227002024650574,
            "min": -0.13060560822486877,
            "max": 0.12404771149158478,
            "count": 10
        },
        "DroneBehavior.IsTraining.mean": {
            "value": 1.0,
            "min": 1.0,
            "max": 1.0,
            "count": 10
        },
        "DroneBehavior.IsTraining.sum": {
            "value": 1.0,
            "min": 1.0,
            "max": 1.0,
            "count": 10
        },
        "DroneBehavior.Environment.EpisodeLength.mean": {
            "value": 4999.0,
            "min": 4999.0,
            "max": 4999.0,
            "count": 2
        },
        "DroneBehavior.Environment.EpisodeLength.sum": {
            "value": 4999.0,
            "min": 4999.0,
            "max": 4999.0,
            "count": 2
        },
        "DroneBehavior.Environment.CumulativeReward.mean": {
            "value": 627.0000674426556,
            "min": 627.0000674426556,
            "max": 627.0000674426556,
            "count": 1
        },
        "DroneBehavior.Environment.CumulativeReward.sum": {
            "value": 627.0000674426556,
            "min": 627.0000674426556,
            "max": 627.0000674426556,
            "count": 1
        },
        "DroneBehavior.Policy.ExtrinsicReward.mean": {
            "value": 627.0000674426556,
            "min": 627.0000674426556,
            "max": 627.0000674426556,
            "count": 1
        },
        "DroneBehavior.Policy.ExtrinsicReward.sum": {
            "value": 627.0000674426556,
            "min": 627.0000674426556,
            "max": 627.0000674426556,
            "count": 1
        }
    },
    "metadata": {
        "timer_format_version": "0.1.0",
        "start_time_seconds": "1701293800",
        "python_version": "3.7.9 (default, Aug 31 2020, 17:10:11) [MSC v.1916 64 bit (AMD64)]",
        "command_line_arguments": "C:\\Users\\2001a\\miniconda3\\envs\\ml_agents\\Scripts\\mlagents-learn config.yaml --run-id=Test4",
        "mlagents_version": "0.28.0",
        "mlagents_envs_version": "0.28.0",
        "communication_protocol_version": "1.5.0",
        "pytorch_version": "1.7.1+cu110",
        "numpy_version": "1.21.2",
        "end_time_seconds": "1701293889"
    },
    "total": 88.7470754,
    "count": 1,
    "self": 0.007732799999999429,
    "children": {
        "run_training.setup": {
            "total": 0.09768519999999992,
            "count": 1,
            "self": 0.09768519999999992
        },
        "TrainerController.start_learning": {
            "total": 88.6416574,
            "count": 1,
            "self": 0.27223449999982563,
            "children": {
                "TrainerController._reset_env": {
                    "total": 9.1465463,
                    "count": 1,
                    "self": 9.1465463
                },
                "TrainerController.advance": {
                    "total": 79.07123140000017,
                    "count": 10417,
                    "self": 0.12831499999981588,
                    "children": {
                        "env_step": {
                            "total": 78.94291640000036,
                            "count": 10417,
                            "self": 66.12320150000114,
                            "children": {
                                "SubprocessEnvManager._take_step": {
                                    "total": 12.685624899999791,
                                    "count": 10417,
                                    "self": 0.6899994000002909,
                                    "children": {
                                        "TorchPolicy.evaluate": {
                                            "total": 11.9956254999995,
                                            "count": 10417,
                                            "self": 1.860415299999417,
                                            "children": {
                                                "TorchPolicy.sample_actions": {
                                                    "total": 10.135210200000083,
                                                    "count": 10417,
                                                    "self": 10.135210200000083
                                                }
                                            }
                                        }
                                    }
                                },
                                "workers": {
                                    "total": 0.13408999999942495,
                                    "count": 10416,
                                    "self": 0.0,
                                    "children": {
                                        "worker_root": {
                                            "total": 69.22563799999962,
                                            "count": 10416,
                                            "is_parallel": true,
                                            "self": 23.60513769999934,
                                            "children": {
                                                "steps_from_proto": {
                                                    "total": 0.002037100000000791,
                                                    "count": 1,
                                                    "is_parallel": true,
                                                    "self": 0.00021620000000055484,
                                                    "children": {
                                                        "_process_rank_one_or_two_observation": {
                                                            "total": 0.0018209000000002362,
                                                            "count": 8,
                                                            "is_parallel": true,
                                                            "self": 0.0018209000000002362
                                                        }
                                                    }
                                                },
                                                "UnityEnvironment.step": {
                                                    "total": 45.61846320000028,
                                                    "count": 10416,
                                                    "is_parallel": true,
                                                    "self": 1.1130937000000642,
                                                    "children": {
                                                        "UnityEnvironment._generate_step_input": {
                                                            "total": 0.9108650000007863,