{"count":1,"self":367.0257152,"total":1910.6515244999998,"children":{"InitializeActuators":{"count":6,"self":0.0010179,"total":0.0010179,"children":null},"InitializeSensors":{"count":6,"self":0.0019764,"total":0.0019764,"children":null},"AgentSendState":{"count":166817,"self":65.2889344,"total":159.070678,"children":{"CollectObservations":{"count":1000902,"self":61.657004799999996,"total":61.6570052,"children":null},"WriteActionMask":{"count":1000902,"self":0.6886669,"total":0.6886669,"children":null},"RequestDecision":{"count":1000902,"self":3.1944616,"total":31.436073099999998,"children":{"AgentInfo.ToProto":{"count":1000902,"self":2.3085535999999998,"total":28.2416116,"children":{"GenerateSensorData":{"count":1000902,"self":18.5884896,"total":25.933057899999998,"children":{"RayPerceptionSensor.Perceive":{"count":3002706,"self":7.344568,"total":7.3445678,"children":null}}}}}}}}},"DecideAction":{"count":166817,"self":1165.565952,"total":1165.5659862,"children":null},"AgentAct":{"count":166817,"self":218.974592,"total":218.9851467,"children":{"AgentInfo.ToProto":{"count":265,"self":0.0060298,"total":0.0105624,"children":{"GenerateSensorData":{"count":265,"self":0.0040266,"total":0.0045325999999999995,"children":{"RayPerceptionSensor.Perceive":{"count":795,"self":0.00050599999999999994,"total":0.00050599999999999994,"children":null}}}}}}}},"gauges":{"DroneBehavior.CumulativeReward":{"count":265,"max":-1.25595331,"min":-874.2372,"runningAverage":-62.87551,"value":-10.6400156,"weightedAverage":-6.74313545}},"metadata":{"timer_format_version":"0.1.0","start_time_seconds":"1701335033","unity_version":"2022.3.13f1","command_line_arguments":"C:\\Program Files\\Unity\\Hub\\Editor\\2022.3.13f1\\Editor\\Unity.exe -projectpath E:\\Unitygyakorlo\\DroneRl -useHub -hubIPC -cloudEnvironment production -licensingIpc LicenseClient-2001a -hubSessionId cc9a4afb-2461-44a9-b450-52f0dca7993d -accessToken B3v6ok43cQQyzmI0mHTNaTjcMRTPeXLqJC8oMYPV8rE007f","communication_protocol_version":"1.5.0","com.unity.ml-agents_version":"2.0.1","scene_name":"SampleScene","end_time_seconds":"1701336943"}}