{"count":1,"self":1104.9935871999999,"total":8217.3639915,"children":{"InitializeActuators":{"count":6,"self":0.0015149999999999999,"total":0.0015149999999999999,"children":null},"InitializeSensors":{"count":6,"self":0.0015486999999999999,"total":0.0015486999999999999,"children":null},"AgentSendState":{"count":652834,"self":264.8852736,"total":633.1683464,"children":{"CollectObservations":{"count":3917004,"self":246.4341504,"total":246.4341438,"children":null},"WriteActionMask":{"count":3917004,"self":2.8061776,"total":2.8061776999999997,"children":null},"RequestDecision":{"count":3917004,"self":12.9960144,"total":119.0427502,"children":{"AgentInfo.ToProto":{"count":3917004,"self":8.9005008,"total":106.0467357,"children":{"GenerateSensorData":{"count":3917004,"self":68.4493056,"total":97.146234499999991,"children":{"RayPerceptionSensor.Perceive":{"count":11751012,"self":28.696928,"total":28.6969283,"children":null}}}}}}}}},"DecideAction":{"count":652834,"self":5147.4079744,"total":5147.4081750999994,"children":null},"AgentAct":{"count":652834,"self":1330.1093376,"total":1331.7908625,"children":{"AgentInfo.ToProto":{"count":42641,"self":0.2943849,"total":1.6815285,"children":{"GenerateSensorData":{"count":42641,"self":0.99106659999999991,"total":1.3871436,"children":{"RayPerceptionSensor.Perceive":{"count":127923,"self":0.39607699999999996,"total":0.39607699999999996,"children":null}}}}}}}},"gauges":{"DroneBehavior.CumulativeReward":{"count":42641,"max":114074.18,"min":-78.30408,"runningAverage":35543.4844,"value":106604.125,"weightedAverage":107512.172}},"metadata":{"timer_format_version":"0.1.0","start_time_seconds":"1701509042","unity_version":"2022.3.13f1","command_line_arguments":"C:\\Program Files\\Unity\\Hub\\Editor\\2022.3.13f1\\Editor\\Unity.exe -projectpath E:\\Unitygyakorlo\\DroneRL -useHub -hubIPC -cloudEnvironment production -licensingIpc LicenseClient-2001a -hubSessionId 37237f93-9f61-4e6f-882a-e930e0b50f30 -accessToken -DjI1XFqdJ1QURQVJgMxV8Ylp_AZX14Fgx4rCi3CqvY007f","communication_protocol_version":"1.5.0","com.unity.ml-agents_version":"2.0.1","scene_name":"SampleScene","end_time_seconds":"1701517259"}}