{
    "name": "root",
    "metadata": {
        "timer_format_version": "0.1.0",
        "start_time_seconds": "1700746571",
        "python_version": "3.7.9 (default, Aug 31 2020, 17:10:11) [MSC v.1916 64 bit (AMD64)]",
        "command_line_arguments": "C:\\Users\\2001a\\miniconda3\\envs\\ml_agents\\Scripts\\mlagents-learn config.yaml --run-id=Proba5",
        "mlagents_version": "0.28.0",
        "mlagents_envs_version": "0.28.0",
        "communication_protocol_version": "1.5.0",
        "pytorch_version": "1.7.1+cu110",
        "numpy_version": "1.21.2",
        "end_time_seconds": "1700746625"
    },
    "total": 53.933581100000005,
    "count": 1,
    "self": 0.011416200000006427,
    "children": {
        "run_training.setup": {
            "total": 0.19785340000000007,
            "count": 1,
            "self": 0.19785340000000007
        },
        "TrainerController.start_learning": {
            "total": 53.7243115,
            "count": 1,
            "self": 0.002379400000002363,
            "children": {
                "TrainerController._reset_env": {
                    "total": 14.3793382,
                    "count": 1,
                    "self": 14.3793382
                },
                "TrainerController.advance": {
                    "total": 39.1144561,
                    "count": 1,
                    "self": 4.909999999824777e-05,
                    "children": {
                        "env_step": {
                            "total": 39.114407,
                            "count": 1,
                            "self": 39.114389599999996,
                            "children": {
                                "SubprocessEnvManager._take_step": {
                                    "total": 1.7400000000833415e-05,
                                    "count": 1,
                                    "self": 1.7400000000833415e-05
                                }
                            }
                        }
                    }
                },
                "trainer_threads": {
                    "total": 4.1799999998204385e-05,
                    "count": 1,
                    "self": 4.1799999998204385e-05,
                    "children": {
                        "thread_root": {
                            "total": 0.0,
                            "count": 0,
                            "is_parallel": true,
                            "self": 0.0,
                            "children": {
                                "trainer_advance": {
                                    "total": 38.993505999999954,
                                    "count": 2513,
                                    "is_parallel": true,
                                    "self": 0.3043616000000213,
                                    "children": {
                                        "process_trajectory": {
                                            "total": 38.68914439999993,
                                            "count": 2513,
                                            "is_parallel": true,
                                            "self": 38.68914439999993
                                        }
                                    }
                                }
                            }
                        }
                    }
                },
                "TrainerController._save_models": {
                    "total": 0.22809600000000074,
                    "count": 1,
                    "self": 0.029490899999998987,
                    "children": {
                        "RLTrainer._checkpoint": {
                            "total": 0.19860510000000176,
                            "count": 1,
                            "self": 0.19860510000000176
                        }
                    }
                }
            }
        }
    }
}