{
    "name": "root",
    "metadata": {
        "timer_format_version": "0.1.0",
        "start_time_seconds": "1700746384",
        "python_version": "3.7.9 (default, Aug 31 2020, 17:10:11) [MSC v.1916 64 bit (AMD64)]",
        "command_line_arguments": "C:\\Users\\2001a\\miniconda3\\envs\\ml_agents\\Scripts\\mlagents-learn config.yaml --run-id=Proba3",
        "mlagents_version": "0.28.0",
        "mlagents_envs_version": "0.28.0",
        "communication_protocol_version": "1.5.0",
        "pytorch_version": "1.7.1+cu110",
        "numpy_version": "1.21.2",
        "end_time_seconds": "1700746431"
    },
    "total": 47.0135407,
    "count": 1,
    "self": 0.007954800000000262,
    "children": {
        "run_training.setup": {
            "total": 0.2553968000000002,
            "count": 1,
            "self": 0.2553968000000002
        },
        "TrainerController.start_learning": {
            "total": 46.7501891,
            "count": 1,
            "self": 0.0034093000000012808,
            "children": {
                "TrainerController._reset_env": {
                    "total": 12.8533182,
                    "count": 1,
                    "self": 12.8533182
                },
                "TrainerController.advance": {
                    "total": 33.576980999999996,
                    "count": 1,
                    "self": 2.4099999997417854e-05,
                    "children": {
                        "env_step": {
                            "total": 33.5769569,
                            "count": 1,
                            "self": 33.5769452,
                            "children": {
                                "SubprocessEnvManager._take_step": {
                                    "total": 1.1699999999947863e-05,
                                    "count": 1,
                                    "self": 1.1699999999947863e-05
                                }
                            }
                        }
                    }
                },
                "trainer_threads": {
                    "total": 2.2100000002467368e-05,
                    "count": 1,
                    "self": 2.2100000002467368e-05,
                    "children": {
                        "thread_root": {
                            "total": 0.0,
                            "count": 0,
                            "is_parallel": true,
                            "self": 0.0,
                            "children": {
                                "trainer_advance": {
                                    "total": 33.5193139999999,
                                    "count": 2166,
                                    "is_parallel": true,
                                    "self": 0.15221959999986723,
                                    "children": {
                                        "process_trajectory": {
                                            "total": 33.367094400000035,
                                            "count": 2166,
                                            "is_parallel": true,
                                            "self": 33.367094400000035
                                        }
                                    }
                                }
                            }
                        }
                    }
                },
                "TrainerController._save_models": {
                    "total": 0.3164585000000031,
                    "count": 1,
                    "self": 0.01099870000000891,
                    "children": {
                        "RLTrainer._checkpoint": {
                            "total": 0.3054597999999942,
                            "count": 1,
                            "self": 0.3054597999999942
                        }
                    }
                }
            }
        }
    }
}