{
    "name": "root",
    "metadata": {
        "timer_format_version": "0.1.0",
        "start_time_seconds": "1700746631",
        "python_version": "3.7.9 (default, Aug 31 2020, 17:10:11) [MSC v.1916 64 bit (AMD64)]",
        "command_line_arguments": "C:\\Users\\2001a\\miniconda3\\envs\\ml_agents\\Scripts\\mlagents-learn config.yaml --run-id=Proba6",
        "mlagents_version": "0.28.0",
        "mlagents_envs_version": "0.28.0",
        "communication_protocol_version": "1.5.0",
        "pytorch_version": "1.7.1+cu110",
        "numpy_version": "1.21.2",
        "end_time_seconds": "1700746717"
    },
    "total": 86.582638,
    "count": 1,
    "self": 0.011935900000011657,
    "children": {
        "run_training.setup": {
            "total": 0.1933079000000002,
            "count": 1,
            "self": 0.1933079000000002
        },
        "TrainerController.start_learning": {
            "total": 86.3773942,
            "count": 1,
            "self": 0.05025480000003313,
            "children": {
                "TrainerController._reset_env": {
                    "total": 9.7280467,
                    "count": 1,
                    "self": 9.7280467
                },
                "TrainerController.advance": {
                    "total": 76.26243749999996,
                    "count": 1834,
                    "self": 0.024385299999948984,
                    "children": {
                        "env_step": {
                            "total": 76.23805220000001,
                            "count": 1834,
                            "self": 73.53629160000004,
                            "children": {
                                "SubprocessEnvManager._take_step": {
                                    "total": 2.677611099999993,
                                    "count": 1834,
                                    "self": 0.10621860000008354,
                                    "children": {
                                        "TorchPolicy.evaluate": {
                                            "total": 2.5713924999999094,
                                            "count": 1834,
                                            "self": 0.5730131999998989,
                                            "children": {
                                                "TorchPolicy.sample_actions": {
                                                    "total": 1.9983793000000105,
                                                    "count": 1834,
                                                    "self": 1.9983793000000105
                                                }
                                            }
                                        }
                                    }
                                },
                                "workers": {
                                    "total": 0.024149499999982282,
                                    "count": 1833,
                                    "self": 0.0,
                                    "children": {
                                        "worker_root": {
                                            "total": 14.52288150000005,
                                            "count": 1833,
                                            "is_parallel": true,
                                            "self": 4.814672700000095,
                                            "children": {
                                                "steps_from_proto": {
                                                    "total": 0.008641000000000787,
                                                    "count": 1,
                                                    "is_parallel": true,
                                                    "self": 0.008245400000005176,
                                                    "children": {
                                                        "_process_rank_one_or_two_observation": {
                                                            "total": 0.0003955999999956106,
                                                            "count": 8,
                                                            "is_parallel": true,
                                                            "self": 0.0003955999999956106
                                                        }
                                                    }
                                                },
                                                "UnityEnvironment.step": {
                                                    "total": 9.699567799999954,
                                                    "count": 1833,
                                                    "is_parallel": true,
                                                    "self": 0.20153199999998428,
                                                    "children": {
                                                        "UnityEnvironment._generate_step_input": {
                                                            "total": 0.18200430000007373,
                                                            "count": 1833,
                                                            "is_parallel": true,
                                                            "self": 0.18200430000007373
                                                        },
                                                        "communicator.exchange": {
                                                            "total": 8.432912200000015,
                                                            "count": 1833,
                                                            "is_parallel": true,
                                                            "self": 8.432912200000015
                                                        },
                                                        "steps_from_proto": {
                                                            "total": 0.8831192999998816,
                                                            "count": 1833,
                                                            "is_parallel": true,
                                                            "self": 0.42267199999969307,
                                                            "children": {
                                                                "_process_rank_one_or_two_observation": {
                                                                    "total": 0.4604473000001885,
                                                                    "count": 14664,
                                                                    "is_parallel": true,
                                                                    "self": 0.4604473000001885
                                                                }
                                                            }
                                                        }
                                                    }
                                                }
                                            }
                                        }
                                    }
                                }
                            }
                        }
                    }
                },
                "TrainerController._save_models": {
                    "total": 0.3366551999999956,
                    "count": 1,
                    "self": 0.010302199999983941,
                    "children": {
                        "RLTrainer._checkpoint": {
                            "total": 0.32635300000001166,
                            "count": 1,