{
    "name": "root",
    "metadata": {
        "timer_format_version": "0.1.0",
        "start_time_seconds": "1700591540",
        "python_version": "3.7.9 (default, Aug 31 2020, 17:10:11) [MSC v.1916 64 bit (AMD64)]",
        "command_line_arguments": "C:\\Users\\2001a\\miniconda3\\envs\\ml_agents\\Scripts\\mlagents-learn config.yaml --run-id=har",
        "mlagents_version": "0.28.0",
        "mlagents_envs_version": "0.28.0",
        "communication_protocol_version": "1.5.0",
        "pytorch_version": "1.7.1+cu110",
        "numpy_version": "1.21.2",
        "end_time_seconds": "1700591624"
    },
    "total": 84.392461,
    "count": 1,
    "self": 0.005292400000001862,
    "children": {
        "run_training.setup": {
            "total": 0.09058749999999982,
            "count": 1,
            "self": 0.09058749999999982
        },
        "TrainerController.start_learning": {
            "total": 84.2965811,
            "count": 1,
            "self": 0.031982899999917436,
            "children": {
                "TrainerController._reset_env": {
                    "total": 6.9739284,
                    "count": 1,
                    "self": 6.9739284
                },
                "TrainerController.advance": {
                    "total": 77.05182220000007,
                    "count": 1327,
                    "self": 0.015508200000098782,
                    "children": {
                        "env_step": {
                            "total": 77.03631399999998,
                            "count": 1327,
                            "self": 73.6257808,
                            "children": {
                                "SubprocessEnvManager._take_step": {
                                    "total": 3.395452999999959,
                                    "count": 1327,
                                    "self": 0.07866290000004028,
                                    "children": {
                                        "TorchPolicy.evaluate": {
                                            "total": 3.3167900999999187,
                                            "count": 1327,
                                            "self": 0.40840079999988,
                                            "children": {
                                                "TorchPolicy.sample_actions": {
                                                    "total": 2.9083893000000387,
                                                    "count": 1327,
                                                    "self": 2.9083893000000387
                                                }
                                            }
                                        }
                                    }
                                },
                                "workers": {
                                    "total": 0.015080200000012312,
                                    "count": 1326,
                                    "self": 0.0,
                                    "children": {
                                        "worker_root": {
                                            "total": 15.719860099999988,
                                            "count": 1326,
                                            "is_parallel": true,
                                            "self": 4.836433299999918,
                                            "children": {
                                                "steps_from_proto": {
                                                    "total": 0.0005569000000003044,
                                                    "count": 1,
                                                    "is_parallel": true,
                                                    "self": 0.00022660000000129799,
                                                    "children": {
                                                        "_process_rank_one_or_two_observation": {
                                                            "total": 0.0003302999999990064,
                                                            "count": 8,
                                                            "is_parallel": true,
                                                            "self": 0.0003302999999990064
                                                        }
                                                    }
                                                },
                                                "UnityEnvironment.step": {
                                                    "total": 10.88286990000007,
                                                    "count": 1326,
                                                    "is_parallel": true,
                                                    "self": 0.1384387000000462,
                                                    "children": {
                                                        "UnityEnvironment._generate_step_input": {
                                                            "total": 0.13442980000001015,
                                                            "count": 1326,
                                                            "is_parallel": true,
                                                            "self": 0.13442980000001015
                                                        },
                                                        "communicator.exchange": {
                                                            "total": 10.002888499999978,
                                                            "count": 1326,
                                                            "is_parallel": true,
                                                            "self": 10.002888499999978
                                                        },
                                                        "steps_from_proto": {
                                                            "total": 0.6071129000000361,
                                                            "count": 1326,
                                                            "is_parallel": true,
                                                            "self": 0.2994826999998921,
                                                            "children": {
                                                                "_process_rank_one_or_two_observation": {
                                                                    "total": 0.30763020000014407,
                                                                    "count": 10608,
                                                                    "is_parallel": true,
                                                                    "self": 0.30763020000014407
                                                                }
                                                            }
                                                        }
                                                    }
                                                }
                                            }
                                        }
                                    }
                                }
                            }
                        }
                    }
                },
                "TrainerController._save_models": {
                    "total": 0.23884759999999972,
                    "count": 1,
                    "self": 0.008339800000001674,
                    "children": {
                        "RLTrainer._checkpoint": {
                            "total": 0.23050779999999804,
                            "count": 1,