{
    "name": "root",
    "metadata": {
        "timer_format_version": "0.1.0",
        "start_time_seconds": "1699777659",
        "python_version": "3.7.9 (default, Aug 31 2020, 17:10:11) [MSC v.1916 64 bit (AMD64)]",
        "command_line_arguments": "C:\\Users\\2001a\\miniconda3\\envs\\ml_agents\\Scripts\\mlagents-learn config.yaml --run-id=Folytonos",
        "mlagents_version": "0.28.0",
        "mlagents_envs_version": "0.28.0",
        "communication_protocol_version": "1.5.0",
        "pytorch_version": "1.7.1+cu110",
        "numpy_version": "1.21.2",
        "end_time_seconds": "1699777717"
    },
    "total": 57.498557,
    "count": 1,
    "self": 0.006757999999997821,
    "children": {
        "run_training.setup": {
            "total": 0.13614700000000002,
            "count": 1,
            "self": 0.13614700000000002
        },
        "TrainerController.start_learning": {
            "total": 57.355652,
            "count": 1,
            "self": 0.0029228000000003362,
            "children": {
                "TrainerController._reset_env": {
                    "total": 14.4501941,
                    "count": 1,
                    "self": 14.4501941
                },
                "TrainerController.advance": {
                    "total": 42.7164803,
                    "count": 17,
                    "self": 0.00022320000000775053,
                    "children": {
                        "env_step": {
                            "total": 42.71625709999999,
                            "count": 17,
                            "self": 42.652886699999996,
                            "children": {
                                "SubprocessEnvManager._take_step": {
                                    "total": 0.06320340000000257,
                                    "count": 17,
                                    "self": 0.0009364000000076089,
                                    "children": {
                                        "TorchPolicy.evaluate": {
                                            "total": 0.062266999999994965,
                                            "count": 17,
                                            "self": 0.007535499999992368,
                                            "children": {
                                                "TorchPolicy.sample_actions": {
                                                    "total": 0.0547315000000026,
                                                    "count": 17,
                                                    "self": 0.0547315000000026
                                                }
                                            }
                                        }
                                    }
                                },
                                "workers": {
                                    "total": 0.00016699999999758575,
                                    "count": 16,
                                    "self": 0.0,
                                    "children": {
                                        "worker_root": {
                                            "total": 0.21289270000000116,
                                            "count": 16,
                                            "is_parallel": true,
                                            "self": 0.12537390000000137,
                                            "children": {
                                                "steps_from_proto": {
                                                    "total": 0.001611799999999164,
                                                    "count": 1,
                                                    "is_parallel": true,
                                                    "self": 0.00021529999999891913,
                                                    "children": {
                                                        "_process_rank_one_or_two_observation": {
                                                            "total": 0.0013965000000002448,
                                                            "count": 8,
                                                            "is_parallel": true,
                                                            "self": 0.0013965000000002448
                                                        }
                                                    }
                                                },
                                                "UnityEnvironment.step": {
                                                    "total": 0.08590700000000062,
                                                    "count": 16,
                                                    "is_parallel": true,
                                                    "self": 0.001562799999998532,
                                                    "children": {
                                                        "UnityEnvironment._generate_step_input": {
                                                            "total": 0.001503900000003,
                                                            "count": 16,
                                                            "is_parallel": true,
                                                            "self": 0.001503900000003
                                                        },
                                                        "communicator.exchange": {
                                                            "total": 0.07650759999999934,
                                                            "count": 16,
                                                            "is_parallel": true,
                                                            "self": 0.07650759999999934
                                                        },
                                                        "steps_from_proto": {
                                                            "total": 0.006332699999999747,
                                                            "count": 16,
                                                            "is_parallel": true,
                                                            "self": 0.003075099999998443,
                                                            "children": {
                                                                "_process_rank_one_or_two_observation": {
                                                                    "total": 0.003257600000001304,
                                                                    "count": 128,
                                                                    "is_parallel": true,
                                                                    "self": 0.003257600000001304
                                                                }
                                                            }
                                                        }
                                                    }
                                                }
                                            }
                                        }
                                    }
                                }
                            }
                        }
                    }
                },
                "trainer_threads": {
                    "total": 2.0300000002748675e-05,
                    "count": 1,
                    "self": 2.0300000002748675e-05,
                    "children": {
                        "thread_root": {
                            "total": 0.0,
                            "count": 0,
                            "is_parallel": true,
                            "self": 0.0,