{
    "name": "root",
    "gauges": {
        "DroneBehavior.Policy.Entropy.mean": {
            "value": 1.4352998733520508,
            "min": 1.4146289825439453,
            "max": 1.4364205598831177,
            "count": 252
        },
        "DroneBehavior.Policy.Entropy.sum": {
            "value": 2040.996337890625,
            "min": 42.628448486328125,
            "max": 3849.789306640625,
            "count": 252
        },
        "DroneBehavior.Step.mean": {
            "value": 251879.0,
            "min": 768.0,
            "max": 251879.0,
            "count": 252
        },
        "DroneBehavior.Step.sum": {
            "value": 251879.0,
            "min": 768.0,
            "max": 251879.0,
            "count": 252
        },
        "DroneBehavior.Policy.ExtrinsicValueEstimate.mean": {
            "value": -0.01518226694315672,
            "min": -0.13495178520679474,
            "max": 0.12505163252353668,
            "count": 252
        },
        "DroneBehavior.Policy.ExtrinsicValueEstimate.sum": {
            "value": -0.06072906777262688,
            "min": -0.6747589111328125,
            "max": 0.5002065300941467,
            "count": 252
        },
        "DroneBehavior.IsTraining.mean": {
            "value": 1.0,
            "min": 1.0,
            "max": 1.0,
            "count": 252
        },
        "DroneBehavior.IsTraining.sum": {
            "value": 1.0,
            "min": 1.0,
            "max": 1.0,
            "count": 252
        },
        "DroneBehavior.Losses.PolicyLoss.mean": {
            "value": 0.026253140275366606,
            "min": 0.013729428369939949,
            "max": 0.029452268781757017,
            "count": 24
        },
        "DroneBehavior.Losses.PolicyLoss.sum": {
            "value": 0.026253140275366606,
            "min": 0.013729428369939949,
            "max": 0.029452268781757017,
            "count": 24
        },
        "DroneBehavior.Losses.ValueLoss.mean": {
            "value": 0.0014414380168697486,
            "min": 3.914399500596725e-05,
            "max": 0.004056669819207551,
            "count": 24
        },
        "DroneBehavior.Losses.ValueLoss.sum": {
            "value": 0.0014414380168697486,
            "min": 3.914399500596725e-05,
            "max": 0.004056669819207551,
            "count": 24
        },
        "DroneBehavior.Policy.LearningRate.mean": {
            "value": 0.0002245131251623,
            "min": 0.0002245131251623,
            "max": 0.0002967744010752,
            "count": 24
        },
        "DroneBehavior.Policy.LearningRate.sum": {
            "value": 0.0002245131251623,
            "min": 0.0002245131251623,
            "max": 0.0002967744010752,
            "count": 24
        },
        "DroneBehavior.Policy.Epsilon.mean": {
            "value": 0.17483770000000007,
            "min": 0.17483770000000007,
            "max": 0.19892480000000007,
            "count": 24
        },
        "DroneBehavior.Policy.Epsilon.sum": {
            "value": 0.17483770000000007,
            "min": 0.17483770000000007,
            "max": 0.19892480000000007,
            "count": 24
        },
        "DroneBehavior.Policy.Beta.mean": {
            "value": 0.0037444012300000004,
            "min": 0.0037444012300000004,
            "max": 0.004946347520000001,
            "count": 24
        },
        "DroneBehavior.Policy.Beta.sum": {
            "value": 0.0037444012300000004,
            "min": 0.0037444012300000004,
            "max": 0.004946347520000001,
            "count": 24
        },
        "DroneBehavior.Environment.EpisodeLength.mean": {
            "value": 4999.0,
            "min": 6.0,
            "max": 4999.0,
            "count": 11
        },
        "DroneBehavior.Environment.EpisodeLength.sum": {
            "value": 29994.0,
            "min": 6.0,
            "max": 30001.0,
            "count": 11
        },
        "DroneBehavior.Environment.CumulativeReward.mean": {
            "value": -9.000000208616257,
            "min": -10.000000476837158,
            "max": -3.0100000898043313,
            "count": 16
        },
        "DroneBehavior.Environment.CumulativeReward.sum": {
            "value": -9.000000208616257,
            "min": -47.000001937150955,
            "max": -9.000000208616257,
            "count": 16
        },
        "DroneBehavior.Policy.ExtrinsicReward.mean": {
            "value": -9.000000208616257,
            "min": -10.000000476837158,
            "max": -3.0100000898043313,
            "count": 16
        },
        "DroneBehavior.Policy.ExtrinsicReward.sum": {
            "value": -9.000000208616257,
            "min": -47.000001937150955,
            "max": -9.000000208616257,
            "count": 16
        }
    },
    "metadata": {
        "timer_format_version": "0.1.0",
        "start_time_seconds": "1701284634",
        "python_version": "3.7.9 (default, Aug 31 2020, 17:10:11) [MSC v.1916 64 bit (AMD64)]",
        "command_line_arguments": "C:\\Users\\2001a\\miniconda3\\envs\\ml_agents\\Scripts\\mlagents-learn config.yaml --run-id=Test3",
        "mlagents_version": "0.28.0",
        "mlagents_envs_version": "0.28.0",
        "communication_protocol_version": "1.5.0",
        "pytorch_version": "1.7.1+cu110",
        "numpy_version": "1.21.2",
        "end_time_seconds": "1701285124"
    },
    "total": 489.883909,
    "count": 1,
    "self": 0.005625300000019706,
    "children": {
        "run_training.setup": {
            "total": 0.10038650000000016,
            "count": 1,
            "self": 0.10038650000000016
        },
        "TrainerController.start_learning": {
            "total": 489.7778972,
            "count": 1,
            "self": 1.1531267999988586,
            "children": {
                "TrainerController._reset_env": {
                    "total": 7.955689499999999,
                    "count": 1,
                    "self": 7.955689499999999
                },
                "TrainerController.advance": {
                    "total": 480.4512647000011,
                    "count": 42301,
                    "self": 0.5686311999972418,
                    "children": {
                        "env_step": {
                            "total": 479.88263350000386,
                            "count": 42301,
                            "self": 369.32220270000886,
                            "children": {
                                "SubprocessEnvManager._take_step": {
                                    "total": 109.9616008000006,
                                    "count": 42301,
                                    "self": 3.031907300000782,
                                    "children": {
                                        "TorchPolicy.evaluate": {
                                            "total": 106.92969349999981,
                                            "count": 42301,
                                            "self": 11.726564799993781,
                                            "children": {
                                                "TorchPolicy.sample_actions": {
                                                    "total": 95.20312870000603,
                                                    "count": 42301,
                                                    "self": 95.20312870000603
                                                }
                                            }
                                        }
                                    }
                                },
                                "workers": {
                                    "total": 0.5988299999944076,
                                    "count": 42300,
                                    "self": 0.0,