{
    "name": "root",
    "gauges": {
        "DroneBehavior.Policy.Entropy.mean": {
            "value": 1.429270625114441,
            "min": 1.4189382791519165,
            "max": 1.429270625114441,
            "count": 7
        },
        "DroneBehavior.Policy.Entropy.sum": {
            "value": 15984.962890625,
            "min": 13102.4765625,
            "max": 15984.962890625,
            "count": 7
        },
        "DroneBehavior.Step.mean": {
            "value": 69759.0,
            "min": 9984.0,
            "max": 69759.0,
            "count": 7
        },
        "DroneBehavior.Step.sum": {
            "value": 69759.0,
            "min": 9984.0,
            "max": 69759.0,
            "count": 7
        },
        "DroneBehavior.Policy.ExtrinsicValueEstimate.mean": {
            "value": -0.13334257900714874,
            "min": -0.16398239135742188,
            "max": -0.004323083907365799,
            "count": 7
        },
        "DroneBehavior.Policy.ExtrinsicValueEstimate.sum": {
            "value": -5.2003607749938965,
            "min": -6.395313262939453,
            "max": -0.16860027611255646,
            "count": 7
        },
        "DroneBehavior.IsTraining.mean": {
            "value": 1.0,
            "min": 1.0,
            "max": 1.0,
            "count": 7
        },
        "DroneBehavior.IsTraining.sum": {
            "value": 1.0,
            "min": 1.0,
            "max": 1.0,
            "count": 7
        },
        "DroneBehavior.Environment.EpisodeLength.mean": {
            "value": 4825.0,
            "min": 4825.0,
            "max": 7493.25,
            "count": 5
        },
        "DroneBehavior.Environment.EpisodeLength.sum": {
            "value": 4825.0,
            "min": 4825.0,
            "max": 29973.0,
            "count": 5
        },
        "DroneBehavior.Environment.CumulativeReward.mean": {
            "value": -10.069999739527702,
            "min": -148.40648289211094,
            "max": -6.4699999541044235,
            "count": 5
        },
        "DroneBehavior.Environment.CumulativeReward.sum": {
            "value": -10.069999739527702,
            "min": -593.6259315684438,
            "max": -6.4699999541044235,
            "count": 5
        },
        "DroneBehavior.Policy.ExtrinsicReward.mean": {
            "value": -10.069999739527702,
            "min": -148.40648289211094,
            "max": -6.4699999541044235,
            "count": 5
        },
        "DroneBehavior.Policy.ExtrinsicReward.sum": {
            "value": -10.069999739527702,
            "min": -593.6259315684438,
            "max": -6.4699999541044235,
            "count": 5
        },
        "DroneBehavior.Losses.PolicyLoss.mean": {
            "value": 0.02447895653655981,
            "min": 0.02263614547094524,
            "max": 0.02447895653655981,
            "count": 2
        },
        "DroneBehavior.Losses.PolicyLoss.sum": {
            "value": 0.02447895653655981,
            "min": 0.02263614547094524,
            "max": 0.02447895653655981,
            "count": 2
        },
        "DroneBehavior.Losses.ValueLoss.mean": {
            "value": 0.00047258204502516793,
            "min": 0.00047258204502516793,
            "max": 0.004142998576905181,
            "count": 2
        },
        "DroneBehavior.Losses.ValueLoss.sum": {
            "value": 0.00047258204502516793,
            "min": 0.00047258204502516793,
            "max": 0.004142998576905181,
            "count": 2
        },
        "DroneBehavior.Policy.LearningRate.mean": {
            "value": 0.00028007070664309993,
            "min": 0.00028007070664309993,
            "max": 0.0002899380033539999,
            "count": 2
        },
        "DroneBehavior.Policy.LearningRate.sum": {
            "value": 0.00028007070664309993,
            "min": 0.00028007070664309993,
            "max": 0.0002899380033539999,
            "count": 2
        },
        "DroneBehavior.Policy.Epsilon.mean": {
            "value": 0.19335689999999997,
            "min": 0.19335689999999997,
            "max": 0.19664600000000002,
            "count": 2
        },
        "DroneBehavior.Policy.Epsilon.sum": {
            "value": 0.19335689999999997,
            "min": 0.19335689999999997,
            "max": 0.19664600000000002,
            "count": 2
        },
        "DroneBehavior.Policy.Beta.mean": {
            "value": 0.00466850931,
            "min": 0.00466850931,
            "max": 0.0048326354,
            "count": 2
        },
        "DroneBehavior.Policy.Beta.sum": {
            "value": 0.00466850931,
            "min": 0.00466850931,
            "max": 0.0048326354,
            "count": 2
        }
    },
    "metadata": {
        "timer_format_version": "0.1.0",
        "start_time_seconds": "1701342854",
        "python_version": "3.7.9 (default, Aug 31 2020, 17:10:11) [MSC v.1916 64 bit (AMD64)]",
        "command_line_arguments": "C:\\Users\\2001a\\miniconda3\\envs\\ml_agents\\Scripts\\mlagents-learn config.yaml --run-id=afterscene",
        "mlagents_version": "0.28.0",
        "mlagents_envs_version": "0.28.0",
        "communication_protocol_version": "1.5.0",
        "pytorch_version": "1.7.1+cu110",
        "numpy_version": "1.21.2",
        "end_time_seconds": "1701343022"
    },
    "total": 167.6202536,
    "count": 1,
    "self": 0.00546320000003675,
    "children": {
        "run_training.setup": {
            "total": 0.09342659999999992,
            "count": 1,
            "self": 0.09342659999999992
        },
        "TrainerController.start_learning": {
            "total": 167.5213638,
            "count": 1,
            "self": 0.33397809999905803,
            "children": {
                "TrainerController._reset_env": {
                    "total": 14.255707300000001,
                    "count": 1,
                    "self": 14.255707300000001
                },
                "TrainerController.advance": {
                    "total": 152.7411242000009,
                    "count": 12167,
                    "self": 0.15706390000048032,
                    "children": {
                        "env_step": {
                            "total": 152.58406030000043,
                            "count": 12167,
                            "self": 122.5008458999987,
                            "children": {
                                "SubprocessEnvManager._take_step": {
                                    "total": 29.913908200001217,
                                    "count": 12167,
                                    "self": 0.8554627000024553,
                                    "children": {
                                        "TorchPolicy.evaluate": {
                                            "total": 29.05844549999876,
                                            "count": 12167,
                                            "self": 3.542448999998637,
                                            "children": {
                                                "TorchPolicy.sample_actions": {
                                                    "total": 25.515996500000124,
                                                    "count": 12167,
                                                    "self": 25.515996500000124
                                                }
                                            }
                                        }
                                    }
                                },
                                "workers": {
                                    "total": 0.16930620000052343,
                                    "count": 12166,
                                    "self": 0.0,