{
    "name": "root",
    "gauges": {
        "DroneBehavior.Policy.Entropy.mean": {
            "value": 1.7860310077667236,
            "min": 1.7860310077667236,
            "max": 1.7915490865707397,
            "count": 4
        },
        "DroneBehavior.Policy.Entropy.sum": {
            "value": 8928.369140625,
            "min": 8928.369140625,
            "max": 8986.19921875,
            "count": 4
        },
        "DroneBehavior.Step.mean": {
            "value": 19798.0,
            "min": 4753.0,
            "max": 19798.0,
            "count": 4
        },
        "DroneBehavior.Step.sum": {
            "value": 19798.0,
            "min": 4753.0,
            "max": 19798.0,
            "count": 4
        },
        "DroneBehavior.Policy.ExtrinsicValueEstimate.mean": {
            "value": 0.012556721456348896,
            "min": -0.0472424253821373,
            "max": 0.055073417723178864,
            "count": 4
        },
        "DroneBehavior.Policy.ExtrinsicValueEstimate.sum": {
            "value": 0.26369115710258484,
            "min": -0.9448484778404236,
            "max": 1.1014683246612549,
            "count": 4
        },
        "DroneBehavior.Environment.EpisodeLength.mean": {
            "value": 917.6666666666666,
            "min": 847.2,
            "max": 999.0,
            "count": 4
        },
        "DroneBehavior.Environment.EpisodeLength.sum": {
            "value": 5506.0,
            "min": 4236.0,
            "max": 5506.0,
            "count": 4
        },
        "DroneBehavior.Environment.CumulativeReward.mean": {
            "value": 0.5024000465869903,
            "min": 0.4482000470161438,
            "max": 1.0000000596046448,
            "count": 4
        },
        "DroneBehavior.Environment.CumulativeReward.sum": {
            "value": 2.512000232934952,
            "min": 2.241000235080719,
            "max": 5.000000298023224,
            "count": 4
        },
        "DroneBehavior.Policy.ExtrinsicReward.mean": {
            "value": 0.5024000465869903,
            "min": 0.4482000470161438,
            "max": 1.0000000596046448,
            "count": 4
        },
        "DroneBehavior.Policy.ExtrinsicReward.sum": {
            "value": 2.512000232934952,
            "min": 2.241000235080719,
            "max": 5.000000298023224,
            "count": 4
        },
        "DroneBehavior.IsTraining.mean": {
            "value": 1.0,
            "min": 1.0,
            "max": 1.0,
            "count": 4
        },
        "DroneBehavior.IsTraining.sum": {
            "value": 1.0,
            "min": 1.0,
            "max": 1.0,
            "count": 4
        },
        "DroneBehavior.Losses.PolicyLoss.mean": {
            "value": 0.023540309026699374,
            "min": 0.023540309026699374,
            "max": 0.03333083825806777,
            "count": 3
        },
        "DroneBehavior.Losses.PolicyLoss.sum": {
            "value": 0.023540309026699374,
            "min": 0.023540309026699374,
            "max": 0.03333083825806777,
            "count": 3
        },
        "DroneBehavior.Losses.ValueLoss.mean": {
            "value": 0.0020378808193426165,
            "min": 0.0020378808193426165,
            "max": 0.01415313090439196,
            "count": 3
        },
        "DroneBehavior.Losses.ValueLoss.sum": {
            "value": 0.0020378808193426165,
            "min": 0.0020378808193426165,
            "max": 0.01415313090439196,
            "count": 3
        },
        "DroneBehavior.Policy.LearningRate.mean": {
            "value": 0.00029541420152860004,
            "min": 0.00029541420152860004,
            "max": 0.0002984973005009,
            "count": 3
        },
        "DroneBehavior.Policy.LearningRate.sum": {
            "value": 0.00029541420152860004,
            "min": 0.00029541420152860004,
            "max": 0.0002984973005009,
            "count": 3
        },
        "DroneBehavior.Policy.Epsilon.mean": {
            "value": 0.1984714,
            "min": 0.1984714,
            "max": 0.19949909999999996,
            "count": 3
        },
        "DroneBehavior.Policy.Epsilon.sum": {
            "value": 0.1984714,
            "min": 0.1984714,
            "max": 0.19949909999999996,
            "count": 3
        },
        "DroneBehavior.Policy.Beta.mean": {
            "value": 0.004923722860000001,
            "min": 0.004923722860000001,
            "max": 0.004975005090000001,
            "count": 3
        },
        "DroneBehavior.Policy.Beta.sum": {
            "value": 0.004923722860000001,
            "min": 0.004923722860000001,
            "max": 0.004975005090000001,
            "count": 3
        }
    },
    "metadata": {
        "timer_format_version": "0.1.0",
        "start_time_seconds": "1700748682",
        "python_version": "3.7.9 (default, Aug 31 2020, 17:10:11) [MSC v.1916 64 bit (AMD64)]",
        "command_line_arguments": "C:\\Users\\2001a\\miniconda3\\envs\\ml_agents\\Scripts\\mlagents-learn config.yaml --run-id=zs\u00edr",
        "mlagents_version": "0.28.0",
        "mlagents_envs_version": "0.28.0",
        "communication_protocol_version": "1.5.0",
        "pytorch_version": "1.7.1+cu110",
        "numpy_version": "1.21.2",
        "end_time_seconds": "1700748857"
    },
    "total": 175.3487199,
    "count": 1,
    "self": 0.012633799999974826,
    "children": {
        "run_training.setup": {
            "total": 0.262931,
            "count": 1,
            "self": 0.262931
        },
        "TrainerController.start_learning": {
            "total": 175.0731551,
            "count": 1,
            "self": 0.5791786000011143,
            "children": {
                "TrainerController._reset_env": {
                    "total": 10.7808172,
                    "count": 1,
                    "self": 10.7808172
                },
                "TrainerController.advance": {
                    "total": 163.37689299999892,
                    "count": 21901,
                    "self": 0.28659189999893897,
                    "children": {
                        "env_step": {
                            "total": 163.09030109999998,
                            "count": 21901,
                            "self": 128.0390014000004,
                            "children": {
                                "SubprocessEnvManager._take_step": {
                                    "total": 34.755934099999884,
                                    "count": 21901,
                                    "self": 1.2377339000010963,
                                    "children": {
                                        "TorchPolicy.evaluate": {
                                            "total": 33.51820019999879,
                                            "count": 21901,
                                            "self": 6.971741399998283,
                                            "children": {
                                                "TorchPolicy.sample_actions": {
                                                    "total": 26.546458800000504,
                                                    "count": 21901,
                                                    "self": 26.546458800000504
                                                }
                                            }
                                        }
                                    }
                                },
                                "workers": {
                                    "total": 0.29536559999970535,
                                    "count": 21900,
                                    "self": 0.0,