{
    "name": "root",
    "gauges": {
        "DroneBehavior.Policy.Entropy.mean": {
            "value": 1.3313475847244263,
            "min": 1.3313475847244263,
            "max": 1.7914894819259644,
            "count": 11
        },
        "DroneBehavior.Policy.Entropy.sum": {
            "value": 6666.0576171875,
            "min": 6666.0576171875,
            "max": 8975.3623046875,
            "count": 11
        },
        "DroneBehavior.Environment.EpisodeLength.mean": {
            "value": 31.5,
            "min": 24.426395939086294,
            "max": 31.675324675324674,
            "count": 11
        },
        "DroneBehavior.Environment.EpisodeLength.sum": {
            "value": 4851.0,
            "min": 4792.0,
            "max": 4878.0,
            "count": 11
        },
        "DroneBehavior.Step.mean": {
            "value": 54995.0,
            "min": 4995.0,
            "max": 54995.0,
            "count": 11
        },
        "DroneBehavior.Step.sum": {
            "value": 54995.0,
            "min": 4995.0,
            "max": 54995.0,
            "count": 11
        },
        "DroneBehavior.Policy.ExtrinsicValueEstimate.mean": {
            "value": -0.13834376633167267,
            "min": -0.16321387887001038,
            "max": 0.14079773426055908,
            "count": 11
        },
        "DroneBehavior.Policy.ExtrinsicValueEstimate.sum": {
            "value": -21.30493927001953,
            "min": -28.727081298828125,
            "max": 27.596355438232422,
            "count": 11
        },
        "DroneBehavior.Environment.CumulativeReward.mean": {
            "value": -0.46743507799390077,
            "min": -0.47737756356292843,
            "max": -0.46743507799390077,
            "count": 11
        },
        "DroneBehavior.Environment.CumulativeReward.sum": {
            "value": -71.98500201106071,
            "min": -93.56600245833397,
            "max": -71.98500201106071,
            "count": 11
        },
        "DroneBehavior.Policy.ExtrinsicReward.mean": {
            "value": -0.46743507799390077,
            "min": -0.47737756356292843,
            "max": -0.46743507799390077,
            "count": 11
        },
        "DroneBehavior.Policy.ExtrinsicReward.sum": {
            "value": -71.98500201106071,
            "min": -93.56600245833397,
            "max": -71.98500201106071,
            "count": 11
        },
        "DroneBehavior.IsTraining.mean": {
            "value": 1.0,
            "min": 1.0,
            "max": 1.0,
            "count": 11
        },
        "DroneBehavior.IsTraining.sum": {
            "value": 1.0,
            "min": 1.0,
            "max": 1.0,
            "count": 11
        },
        "DroneBehavior.Losses.PolicyLoss.mean": {
            "value": 0.035852516501176136,
            "min": 0.023668603057524672,
            "max": 0.037709865132691686,
            "count": 10
        },
        "DroneBehavior.Losses.PolicyLoss.sum": {
            "value": 0.035852516501176136,
            "min": 0.023668603057524672,
            "max": 0.037709865132691686,
            "count": 10
        },
        "DroneBehavior.Losses.ValueLoss.mean": {
            "value": 0.003942076073683522,
            "min": 0.003855261020362377,
            "max": 0.019186309711248788,
            "count": 10
        },
        "DroneBehavior.Losses.ValueLoss.sum": {
            "value": 0.003942076073683522,
            "min": 0.003855261020362377,
            "max": 0.019186309711248788,
            "count": 10
        },
        "DroneBehavior.Policy.LearningRate.mean": {
            "value": 0.00028494690501769995,
            "min": 0.00028494690501769995,
            "max": 0.0002984973005009,
            "count": 10
        },
        "DroneBehavior.Policy.LearningRate.sum": {
            "value": 0.00028494690501769995,
            "min": 0.00028494690501769995,
            "max": 0.0002984973005009,
            "count": 10
        },
        "DroneBehavior.Policy.Epsilon.mean": {
            "value": 0.19498230000000005,
            "min": 0.19498230000000005,
            "max": 0.19949909999999996,
            "count": 10
        },
        "DroneBehavior.Policy.Epsilon.sum": {
            "value": 0.19498230000000005,
            "min": 0.19498230000000005,
            "max": 0.19949909999999996,
            "count": 10
        },
        "DroneBehavior.Policy.Beta.mean": {
            "value": 0.00474961677,
            "min": 0.00474961677,
            "max": 0.004975005090000001,
            "count": 10
        },
        "DroneBehavior.Policy.Beta.sum": {
            "value": 0.00474961677,
            "min": 0.00474961677,
            "max": 0.004975005090000001,
            "count": 10
        }
    },
    "metadata": {
        "timer_format_version": "0.1.0",
        "start_time_seconds": "1699778941",
        "python_version": "3.7.9 (default, Aug 31 2020, 17:10:11) [MSC v.1916 64 bit (AMD64)]",
        "command_line_arguments": "C:\\Users\\2001a\\miniconda3\\envs\\ml_agents\\Scripts\\mlagents-learn config.yaml --run-id=NemFolytonos2",
        "mlagents_version": "0.28.0",
        "mlagents_envs_version": "0.28.0",
        "communication_protocol_version": "1.5.0",
        "pytorch_version": "1.7.1+cu110",
        "numpy_version": "1.21.2",
        "end_time_seconds": "1699779309"
    },
    "total": 367.80155479999996,
    "count": 1,
    "self": 0.006553099999962342,
    "children": {
        "run_training.setup": {
            "total": 0.11487269999999983,
            "count": 1,
            "self": 0.11487269999999983
        },
        "TrainerController.start_learning": {
            "total": 367.680129,
            "count": 1,
            "self": 1.5252391000004764,
            "children": {
                "TrainerController._reset_env": {
                    "total": 6.9629336,
                    "count": 1,
                    "self": 6.9629336
                },
                "TrainerController.advance": {
                    "total": 359.0770853999996,
                    "count": 55734,
                    "self": 0.6868825999993078,
                    "children": {
                        "env_step": {
                            "total": 358.3902028000003,
                            "count": 55734,
                            "self": 268.47198919998806,
                            "children": {
                                "SubprocessEnvManager._take_step": {
                                    "total": 89.17269920000574,
                                    "count": 55734,
                                    "self": 3.2487762000020695,
                                    "children": {
                                        "TorchPolicy.evaluate": {
                                            "total": 85.92392300000367,
                                            "count": 55734,
                                            "self": 18.06900320000608,
                                            "children": {
                                                "TorchPolicy.sample_actions": {
                                                    "total": 67.85491979999759,
                                                    "count": 55734,
                                                    "self": 67.85491979999759
                                                }
                                            }
                                        }
                                    }
                                },
                                "workers": {
                                    "total": 0.7455144000064919,
                                    "count": 55733,
                                    "self": 0.0,