{
    "name": "root",
    "gauges": {
        "DroneBehavior.Policy.Entropy.mean": {
            "value": 1.3726637363433838,
            "min": 1.371749997138977,
            "max": 1.4189386367797852,
            "count": 137
        },
        "DroneBehavior.Policy.Entropy.sum": {
            "value": 1762.500244140625,
            "min": 33.159446716308594,
            "max": 2856.464111328125,
            "count": 137
        },
        "DroneBehavior.Environment.EpisodeLength.mean": {
            "value": 245.0,
            "min": 47.5,
            "max": 2999.0,
            "count": 91
        },
        "DroneBehavior.Environment.EpisodeLength.sum": {
            "value": 735.0,
            "min": 87.0,
            "max": 5998.0,
            "count": 91
        },
        "DroneBehavior.Step.mean": {
            "value": 136948.0,
            "min": 784.0,
            "max": 136948.0,
            "count": 137
        },
        "DroneBehavior.Step.sum": {
            "value": 136948.0,
            "min": 784.0,
            "max": 136948.0,
            "count": 137
        },
        "DroneBehavior.Policy.ExtrinsicValueEstimate.mean": {
            "value": 5.173518657684326,
            "min": -0.060750193893909454,
            "max": 11.65907096862793,
            "count": 137
        },
        "DroneBehavior.Policy.ExtrinsicValueEstimate.sum": {
            "value": 31.04111099243164,
            "min": -0.24300077557563782,
            "max": 50.34161376953125,
            "count": 137
        },
        "DroneBehavior.Environment.CumulativeReward.mean": {
            "value": 5.913333565617601,
            "min": -0.7949999896809459,
            "max": 4502.90021440573,
            "count": 90
        },
        "DroneBehavior.Environment.CumulativeReward.sum": {
            "value": 17.740000696852803,
            "min": -2.5699999798089266,
            "max": 4502.90021440573,
            "count": 90
        },
        "DroneBehavior.Policy.ExtrinsicReward.mean": {
            "value": 5.913333565617601,
            "min": -0.7949999896809459,
            "max": 4502.90021440573,
            "count": 90
        },
        "DroneBehavior.Policy.ExtrinsicReward.sum": {
            "value": 17.740000696852803,
            "min": -2.5699999798089266,
            "max": 4502.90021440573,
            "count": 90
        },
        "DroneBehavior.IsTraining.mean": {
            "value": 1.0,
            "min": 1.0,
            "max": 1.0,
            "count": 137
        },
        "DroneBehavior.IsTraining.sum": {
            "value": 1.0,
            "min": 1.0,
            "max": 1.0,
            "count": 137
        },
        "DroneBehavior.Losses.PolicyLoss.mean": {
            "value": 0.03284778757176052,
            "min": 0.024629116584374396,
            "max": 0.043319452157313074,
            "count": 26
        },
        "DroneBehavior.Losses.PolicyLoss.sum": {
            "value": 0.03284778757176052,
            "min": 0.024629116584374396,
            "max": 0.043319452157313074,
            "count": 26
        },
        "DroneBehavior.Losses.ValueLoss.mean": {
            "value": 0.29618619084358216,
            "min": 0.29618619084358216,
            "max": 9.143431204336661,
            "count": 26
        },
        "DroneBehavior.Losses.ValueLoss.sum": {
            "value": 0.29618619084358216,
            "min": 0.29618619084358216,
            "max": 9.143431204336661,
            "count": 26
        },
        "DroneBehavior.Policy.LearningRate.mean": {
            "value": 0.0008673020132697998,
            "min": 0.0008673020132697998,
            "max": 0.0009949020005097999,
            "count": 26
        },
        "DroneBehavior.Policy.LearningRate.sum": {
            "value": 0.0008673020132697998,
            "min": 0.0008673020132697998,
            "max": 0.0009949020005097999,
            "count": 26
        },
        "DroneBehavior.Policy.Epsilon.mean": {
            "value": 0.1867302000000001,
            "min": 0.1867302000000001,
            "max": 0.19949019999999995,
            "count": 26
        },
        "DroneBehavior.Policy.Epsilon.sum": {
            "value": 0.1867302000000001,
            "min": 0.1867302000000001,
            "max": 0.19949019999999995,
            "count": 26
        },
        "DroneBehavior.Policy.Beta.mean": {
            "value": 0.00433783698,
            "min": 0.00433783698,
            "max": 0.004974560979999999,
            "count": 26
        },
        "DroneBehavior.Policy.Beta.sum": {
            "value": 0.00433783698,
            "min": 0.00433783698,
            "max": 0.004974560979999999,
            "count": 26
        }
    },
    "metadata": {
        "timer_format_version": "0.1.0",
        "start_time_seconds": "1701257137",
        "python_version": "3.7.9 (default, Aug 31 2020, 17:10:11) [MSC v.1916 64 bit (AMD64)]",
        "command_line_arguments": "C:\\Users\\2001a\\miniconda3\\envs\\ml_agents\\Scripts\\mlagents-learn config.yaml --run-id=Test6",
        "mlagents_version": "0.28.0",
        "mlagents_envs_version": "0.28.0",
        "communication_protocol_version": "1.5.0",
        "pytorch_version": "1.7.1+cu110",
        "numpy_version": "1.21.2",
        "end_time_seconds": "1701257392"
    },
    "total": 255.22681980000002,
    "count": 1,
    "self": 0.007774100000006001,
    "children": {
        "run_training.setup": {
            "total": 0.10153279999999998,
            "count": 1,
            "self": 0.10153279999999998
        },
        "TrainerController.start_learning": {
            "total": 255.1175129,
            "count": 1,
            "self": 0.6088222999998436,
            "children": {
                "TrainerController._reset_env": {
                    "total": 57.1464506,
                    "count": 1,
                    "self": 57.1464506
                },
                "TrainerController.advance": {
                    "total": 197.26503960000014,
                    "count": 23101,
                    "self": 0.30887240000035376,
                    "children": {
                        "env_step": {
                            "total": 196.95616719999978,
                            "count": 23101,
                            "self": 156.67452260000016,
                            "children": {
                                "SubprocessEnvManager._take_step": {
                                    "total": 39.95486949999731,
                                    "count": 23101,
                                    "self": 1.5964111999977604,
                                    "children": {
                                        "TorchPolicy.evaluate": {
                                            "total": 38.35845829999955,
                                            "count": 23101,
                                            "self": 5.560571400000271,
                                            "children": {
                                                "TorchPolicy.sample_actions": {
                                                    "total": 32.79788689999928,
                                                    "count": 23101,
                                                    "self": 32.79788689999928
                                                }
                                            }
                                        }
                                    }
                                },
                                "workers": {
                                    "total": 0.32677510000231536,
                                    "count": 23100,
                                    "self": 0.0,